nombre,area_ha,ndvi_mean,ndvi_stdDev,evi2_mean,evi2_stdDev,nirv_mean,nirv_stdDev,ndwi_mean,nbr_mean,lai_mean,lai_stdDev,ndvi_slope_mean,ndvi_intercept_mean,ndvi_2015,ndvi_2016,ndvi_2017,ndvi_2018,ndvi_2019,ndvi_2020,ndvi_2021,ndvi_2022,ndvi_2023,ndvi_2024,evi2_2015,evi2_2016,evi2_2017,evi2_2018,evi2_2019,evi2_2020,evi2_2021,evi2_2022,evi2_2023,evi2_2024,nirv_2015,nirv_2016,nirv_2017,nirv_2018,nirv_2019,nirv_2020,nirv_2021,nirv_2022,nirv_2023,nirv_2024,ndvi_doy00_mean,ndvi_doy01_mean,ndvi_doy02_mean,ndvi_doy03_mean,ndvi_doy04_mean,ndvi_doy05_mean,ndvi_doy06_mean,ndvi_doy07_mean,ndvi_doy08_mean,ndvi_doy09_mean,ndvi_doy10_mean,ndvi_doy11_mean,ndvi_doy12_mean,ndvi_doy13_mean,ndvi_doy14_mean,ndvi_doy15_mean,ndvi_doy16_mean,ndvi_doy17_mean,ndvi_doy18_mean,ndvi_doy19_mean,ndvi_doy20_mean,ndvi_doy21_mean,ndvi_doy22_mean,ndvi_doy23_mean,agb_mean,agb_stdDev,cStockMg_mean,cStockMg_stdDev,co2eq_mean,soilC_mean,cobBos,mesh_mean,mesh_stdDev,loss_ha_2001,loss_ha_2002,loss_ha_2003,loss_ha_2004,loss_ha_2005,loss_ha_2006,loss_ha_2007,loss_ha_2008,loss_ha_2009,loss_ha_2010,loss_ha_2011,loss_ha_2012,loss_ha_2013,loss_ha_2014,loss_ha_2015,loss_ha_2016,loss_ha_2017,loss_ha_2018,loss_ha_2019,loss_ha_2020,loss_ha_2021,loss_ha_2022,loss_ha_2023,lai_sd,fpar_mean,npp_gC_m2_d,gpp_gC_m2_d,fwi_anual_mean,ffmc_m01,ffmc_m02,ffmc_m03,ffmc_m04,ffmc_m05,ffmc_m06,ffmc_m07,ffmc_m08,ffmc_m09,ffmc_m10,ffmc_m11,ffmc_m12,dmc_m01,dmc_m02,dmc_m03,dmc_m04,dmc_m05,dmc_m06,dmc_m07,dmc_m08,dmc_m09,dmc_m10,dmc_m11,dmc_m12,dc_m01,dc_m02,dc_m03,dc_m04,dc_m05,dc_m06,dc_m07,dc_m08,dc_m09,dc_m10,dc_m11,dc_m12,isi_m01,isi_m02,isi_m03,isi_m04,isi_m05,isi_m06,isi_m07,isi_m08,isi_m09,isi_m10,isi_m11,isi_m12,bui_m01,bui_m02,bui_m03,bui_m04,bui_m05,bui_m06,bui_m07,bui_m08,bui_m09,bui_m10,bui_m11,bui_m12,fwi_m01,fwi_m02,fwi_m03,fwi_m04,fwi_m05,fwi_m06,fwi_m07,fwi_m08,fwi_m09,fwi_m10,fwi_m11,fwi_m12,precip_mean_mm,et_mean_mm,ea_mm,escorrentia_mm,wri_score,shannon_H,pielou_J,cls0,cls1,cls2,cls3,cls4,cls5,cls6,cStockMg,co2eq,soilC
Argueta,2796.149199267269,0.7143247732521725,0.1736481382538071,0.3502681268377771,0.0884153621386471,0.1608237038970105,0.0486027851440879,0.2491319968471816,0.4974236661700451,0.3212755644704846,0.1173513542212124,-0.000910912339749707,0.718776572679528,0.7320819094615035,0.6980893787198814,0.6960809736728163,0.7461788645046814,0.7132744835283443,0.6851770341810405,0.7515870441589828,0.7111200351239079,0.7284623150678232,0.6847226330875759,0.3718549493924402,0.3533329452537728,0.3403607696897027,0.3788974321845681,0.356351855540367,0.3379397879010503,0.3775112598778664,0.3485111619681955,0.3588017250326099,0.328070352775291,0.1732991490220281,0.1626545241780284,0.1551529978850614,0.1770069976078466,0.164069564670965,0.1540884722385292,0.1765712336437375,0.1599665370053572,0.1657120496911097,0.1485462878789347,,,,,,,,,,,,,,,,,,,,,,,,,101.64279161223337,67.94556510504466,47.77211205774988,31.93441559937025,175.32365125194173,114.65306893859994,68.6136010450215,22.652991063552665,2.9459224457319158,1.4398821105957031,0.4499665100097657,1.1698715698242188,6.65937836303711,0.2699777282714843,0.4499515258789063,3.599686108398437,3.149745227050781,0.6299403564453124,0.0,1.7998191467285156,0.2699780090332031,0.0,0.0,0.0,0.0,0.0,0.0,0.0,0.0,2.3398196105957023,1.2599107666015628,2.1598429809570314,1.281450944495045,0.6770154245800435,4.4676,8.4884,0.7512563550160226,85.03199528712105,84.49087395191071,76.80066538010604,62.22972784994744,41.77426970919195,31.265481624123648,46.4558136855325,39.82476131886201,30.84719547253575,37.41680422808679,62.87310473456579,82.66885439237947,6.519176260577543,6.723286391317848,6.973864020663043,7.356291439505576,7.034248578681232,6.632120956196777,6.726719597713948,6.571582463085062,6.38536576206831,6.340270582553687,6.375288916599417,6.398107926382048,17.114555293958563,17.235522005997176,17.43131825156786,18.81995148554716,20.2623666709721,21.114865049015396,21.376421477163998,20.69089937182117,19.3710924446106,18.31942966656952,17.212534835607364,17.12071090679388,2.627922493920144,2.439401563253846,1.049145843353417,0.5471316633016946,0.0558555660924637,0.0056873005900325,0.1278032648636296,0.0400841732123188,0.0049802386948858,0.0245488400556844,0.593674557439307,1.93198211734125,6.678507421113412,6.807674908216706,6.973194289479438,7.441116885231614,7.5316943402765695,7.429930708314671,7.529774611819007,7.326103441867611,7.001172585656084,6.798347581296063,6.620354460225654,6.61554655670004,3.694100757790399,3.00761728978174,0.555446780751489,0.2994146073455282,0.0307599057242766,0.0031097604590122,0.0703611749477035,0.0217595491249892,0.0026419919876497,0.0128322880748861,0.3062639231920959,1.010768231012502,1135.0673610760114,311.33386837404885,789.5486827163318,345.51867835967823,3.044036770048048,1.663,0.8546,0.158699523718258,0.3284991139783921,0.0202084370740981,0.084355413421647,0.2735716013005368,0.063678789077201,0.0709871214298661,47.772,175.323,114.653
Barreneché - María Tecún,1308.7633101831625,0.7137138344876712,0.176684038518856,0.3653097523947613,0.0953475510644377,0.1699757095812616,0.0535400582408796,0.2552801181086787,0.5059668555350358,0.3212862352769566,0.1198365393892561,-0.0026392735406801,0.7300458222088398,0.7584627501557988,0.6999927731944999,0.6989199435084827,0.750507244550213,0.707345186737947,0.6870479542927048,0.7598819130046885,0.7108284928449713,0.7275386901327526,0.6811659643357284,0.4100586603252718,0.3617332632290264,0.3554985324530503,0.3961629196326661,0.3633802145084228,0.3529485585979003,0.4036019403198165,0.3636642498964652,0.375999448836763,0.3389266224627503,0.1963024261518873,0.1680144108366368,0.1640546069124227,0.1878516991451269,0.168722032919955,0.1631000880528784,0.1923886742770455,0.1692289974833909,0.1759970233929866,0.1554058176260756,,,,,,,,,,,,,,,,,,,,,,,,,106.12537987395557,67.43555256714848,49.87892854075922,31.69470970655912,183.0556677445864,119.70942849782212,70.02159294590332,22.74095940008535,2.956977346272014,0.0,0.0899893127441406,0.0899900329589843,1.909524236486098,0.6708543459185432,0.0,1.5771074885589005,1.8897687072753908,1.0798719299316406,0.4499442871093749,0.7336755930463006,1.079873114013672,0.08998916015625,0.0899891845703125,0.0,0.0899891357421875,3.059622302246094,0.1799780151367187,0.0,0.0,0.0,0.0,0.0,1.2273474699423437,0.6706169151940887,4.589,8.7191,0.7361947127274356,84.98186831894178,84.33014119704525,76.32385653115054,61.32810726942956,41.09340857603709,31.026532163873387,46.41248933572744,39.670749787950086,30.65778467586541,37.21256894677342,62.78994334760964,82.66027519550315,6.525236980486119,6.72819310218149,6.973582104304279,7.340136436320911,7.015608503560454,6.627621045232695,6.7335809206464665,6.574202304852999,6.385025177788736,6.3410005235014,6.378748049178631,6.403174859804616,17.128063642862212,17.247429805272287,17.439669124884546,18.822908896800456,20.26553937694005,21.121849333572392,21.38801626982448,20.701041655228444,19.37947901164464,18.32858050827168,17.224003454262878,17.133890897922818,2.6152226290581697,2.3946061899969666,1.024972719114854,0.5197574498129454,0.0513941975920477,0.0054032806932591,0.1271458714775509,0.0390273981324628,0.0047703598924751,0.0236427153117658,0.5921619241778283,1.9353598964789904,6.684258661811637,6.81251236558261,6.974719830345644,7.433340837086564,7.5214296294241,7.4281718820312195,7.535868012006468,7.329320700506351,7.002333749089887,6.800340326538174,6.624340107313011,6.62071501630137,3.643810814556825,2.861533970923071,0.5426978578413758,0.2843435088686193,0.0282965696800798,0.0029542476257385,0.0700272686271794,0.0211896515250407,0.0025307923235006,0.0123599113982969,0.3055728837672107,1.05901907559229,1163.0673538706606,323.8451367441872,809.0253747481833,354.0419791224774,3.044036770048048,1.6728,0.8596,0.1554933643802072,0.3946555101435484,0.0524451848929028,0.097530539439435,0.1892533215987408,0.0504498170258761,0.0601722625192892,49.879,183.056,119.71
Cerro Chuitinamit,736.8743983780508,0.7451945086959494,0.0964534076691698,0.4126547624036988,0.0908548681903412,0.1977141856066811,0.0489609354507429,0.2406687901255486,0.5180963500464817,0.3356439864685726,0.0682397539397821,-0.0021401663601762,0.7425140597559693,0.7565011827508257,0.7224452830242428,0.7459319802967534,0.7331901565643228,0.7301674079004928,0.6856796399424204,0.7865852515027824,0.7159748117717443,0.7623140380588748,0.6900433595392944,0.4465439283841451,0.404304698536009,0.414338201914908,0.4050706425776544,0.4085583412065992,0.3690656844433735,0.4541764676421023,0.3873024774837169,0.4287685600342721,0.3658550511744968,0.2202483178141944,0.1935177583423216,0.1993631606914214,0.1934567392678375,0.1956689248412175,0.1717659557260605,0.223999815000096,0.1825882395289389,0.2076229925556522,0.1693806808117574,,,,,,,,,,,,,,,,,,,,,,,,,127.94873901029024,46.17495670450872,60.135907334836446,21.702229651118824,220.69877991885065,144.32617760360745,75.10217601521558,22.504020017926745,3.3010884681594628,0.0899929565429687,0.0010587287454044,0.0,0.0,0.0,0.0,0.0,0.2699783569335937,0.0,0.0,0.0,0.0899921691894531,0.0,0.0,0.0,0.0,1.619879431152344,2.609809161376953,0.0899925476074218,0.0,0.0,0.0,0.0,1.5544437003580625,0.7067058767190357,3.6504,6.9358,0.3656525572933162,83.03514271311428,82.6862510448417,69.92767222905546,49.96814458986276,31.5012170824616,26.304316267200736,39.81190102876273,33.67545531014718,26.54331213218504,30.28142752965571,49.56562827875404,80.00939638780103,6.699735495201148,6.920905904254897,7.090340185445956,7.295883411349395,6.877013280941749,6.637737128505028,6.862841672139286,6.64404644146675,6.420217861205946,6.36748005805189,6.446164692122189,6.53371376498266,17.84333719826976,17.941732911342452,18.081898183244284,19.400598510360727,20.8236514651637,21.71231730232239,22.0639721201989,21.341976095482615,19.98647829177857,18.94020111239034,17.883955838470467,17.84010952195844,1.968942257282937,1.8429621347751983,0.7260353144484174,0.1875935364678747,0.0061289438548044,0.0013994071160347,0.0456424057094449,0.0115330990117409,0.0014766273263051,0.004981059716138,0.2126398511541439,1.4340002260650364,6.91156433606642,7.04647313211923,7.160825324265229,7.520884624731867,7.533693405452157,7.524434230943514,7.721165431599862,7.47215498778184,7.121214535813284,6.9190964705842894,6.7811572872992745,6.821469700814265,1.675109473173659,1.3200066231922143,0.3893295499431773,0.1030742363484322,0.003371289564001,0.0007693736538749666,0.0254296557397017,0.0063183156733253,0.0007893926752314196,0.0026237759103403,0.1108452695930668,0.7501637320527694,2072.975041189458,347.62708982937727,1441.9538163122008,631.0212248772577,3.044036770048048,1.5582,0.8008,0.0094906069815716,0.1577482907581238,0.0649737856955372,0.1532890226818874,0.0272353787829986,0.4242549378365728,0.1630079772633094,60.136,220.699,144.326
Cerro De Oro,1417.495413303771,0.7631425871420235,0.0925971768903029,0.3770739998161134,0.0685188488799114,0.1750058956595139,0.0388245970710354,0.2861475710210703,0.549821555142315,0.3505289024935267,0.0677931062988051,-0.0016381844217252,0.7675651012615515,0.7862697912641831,0.754637493630472,0.7389880633921341,0.7643146661760549,0.7636417611138623,0.7453343812681269,0.7983357018868177,0.7497877235322185,0.7773860315735135,0.7232370998005233,0.4147468333526753,0.3727837302881452,0.3535296738991145,0.3982154592758018,0.3975505203718961,0.3751037177853655,0.4028224072602573,0.3596502158730852,0.411042916264752,0.3429725968325139,0.1988770223259985,0.1727307883873214,0.1614897841008767,0.1881244666520846,0.1877950301416003,0.1737518208139443,0.190871635580146,0.1649819548618483,0.1958412866888688,0.1548807672392681,,,,,,,,,,,,,,,,,,,,,,,,,130.40215219749575,39.86717166211054,61.28901153282298,18.73757068119174,224.93067232546005,147.09362767877522,91.52837482088708,23.022244441006293,0.6160101157217991,0.2911329212861903,0.0899867736816406,0.5399159484863281,0.0899865905761718,0.1799723876953124,0.0,1.2598087646484375,0.4626296798167509,0.2699611511230468,0.4499355041503906,0.0899861450195312,1.5297633239746091,0.1799739624023437,0.9898532470703124,0.6299115112304687,0.0,1.2587491388298484,0.8998692138671875,0.5399163574218749,0.1799731506347656,0.0899858032226562,0.0,0.0,1.612487522656319,0.7133711826772242,3.4221,6.502,0.3781530850421668,83.134654787333,83.02086045259462,70.90623484858551,50.52870045011709,31.8150332229393,26.38562314715412,39.72765022121234,33.71961195888733,26.5298854879952,30.41963667378761,49.714790842693965,79.92138142236415,6.694083930264112,6.917341635857529,7.090010906200301,7.297349944849323,6.878848625457743,6.63740648479534,6.859126595137248,6.643003983249035,6.418966495292917,6.368476844933134,6.445838061187735,6.52914212102341,17.815849861883358,17.916097588205517,18.057818407735525,19.37705124270122,20.80046336918493,21.68892662544252,22.037770644526336,21.31697588717554,19.96171093622845,18.916305007811527,17.858676229095465,17.812558540813367,1.9884758127716895,1.9215464005234533,0.7481052666549979,0.1977605376758364,0.0063337580856177,0.0014063500136929,0.0447365347707296,0.0114188325046294,0.0014625869333592,0.004952485404492,0.210378290667779,1.425298904961939,6.903427841852585,7.03968746231468,7.155949751796416,7.517252616149724,7.531097401014428,7.520778857820133,7.714890936021374,7.467774270582383,7.116607013071882,6.91583939190663,6.776574263873173,6.814002135289486,1.6619210880837785,1.472061673779462,0.4012244985271177,0.1087294456700383,0.003485002283248,0.0007732422199170632,0.0249237550196829,0.0062557557693005,0.0007818320462434306,0.0026089413381529,0.1096753330598209,0.74539645270924,1712.9658006545435,321.1188488581685,1191.5327123518211,521.4330883027224,3.0440367700480477,1.5626,0.803,0.0157939357383458,0.3172867012862273,0.0110235224949271,0.0721336355361305,0.1675946218163199,0.0998783409696091,0.3162892421584394,61.289,224.931,147.094
Chaquijyá,495.3864846484271,0.6474352051934851,0.1779729129605972,0.3530499525455781,0.0997860980280163,0.1638953057548776,0.0568206654068027,0.1944189908808465,0.4319256305960202,0.2712997297607037,0.1223065105702221,-0.0045280207771103,0.6732399716801218,0.7127816462637614,0.6306075140538486,0.6265548250934716,0.698538144132086,0.6326840068139377,0.6101833494027312,0.725417568788082,0.631970807231607,0.6710809105927105,0.5888200094590159,0.4154379045780712,0.3517306420782025,0.341626486898278,0.3998248302497648,0.3516253109678613,0.3385086529933154,0.4180362227129472,0.3426071760484862,0.3699949862265234,0.3099716458947659,0.2010160760614245,0.1636927691168468,0.1572491336745286,0.1915545760791012,0.1633837251876897,0.156533121078314,0.2023840034154504,0.158305351765773,0.1733191247521284,0.1401329365692366,,,,,,,,,,,,,,,,,,,,,,,,,82.52984912481016,71.8891516457599,38.7890290886608,33.78790127350705,142.35573675538507,93.09366981278596,49.60865177556873,22.558110554051648,3.5545470537341792,0.8437755124798944,0.0,0.0,1.150798975830078,0.0109397548062193,0.0,0.7548461568914675,0.0,0.0,0.1799770568847656,0.0,0.2699661682128906,0.0,0.0,0.179976611328125,0.0,0.0,0.0899884643554687,0.0,0.0,0.0,0.0,0.0,1.033305613077344,0.607605658354927,4.337,8.2403,0.6174999794681235,84.58683788314104,83.06347112885169,72.56631813938176,54.22279881400506,35.727816362518226,29.14346776070717,46.0710675939801,38.45704697718145,29.165114517030545,35.60307299851281,62.134581969805865,82.5926660022091,6.572999071705937,6.766860913166603,6.971360435088947,7.212825366447725,6.8687135832056585,6.592159060321713,6.7876522416669145,6.594848222068964,6.382341170331779,6.346752893955006,6.406008079056611,6.4431053202093285,17.23451749690887,17.341270372694044,17.505478992216055,18.8462150630951,20.290542194120352,21.17688966560365,21.479390158253334,20.780968903572337,19.445570166778573,18.40069460407381,17.314383016204843,17.237757096670215,2.515140111936938,2.0415919052263383,0.8344740683990106,0.3040323047075774,0.0162359503051873,0.0031650343425671,0.1219652191215874,0.0306993795927024,0.0031163896287014,0.0165019113596901,0.5802414710127418,1.961978812668944,6.729581872090177,6.850634417660176,6.986742003142002,7.372060935286764,7.440537579721067,7.414311280872086,7.583887643334534,7.354674619331046,7.011484410180148,6.816044348744651,6.655749385852179,6.661445563607371,3.247496038029555,1.710310204395056,0.442228734012424,0.1655742551998449,0.0088840110034243,0.0017287136560588,0.0673958874743925,0.016698518200073,0.001654472582146,0.0086373011708481,0.3001270805382648,1.4392645373553945,1159.9934128074456,328.1454927421661,806.8871526475072,353.1062601599388,3.044036770048048,1.8322,0.9416,0.2030491767880469,0.2199710140160888,0.0926493289394375,0.2382105909665831,0.0695584964182218,0.0961942847418896,0.0803671081297319,38.789,142.356,93.094
Chuiescalera,1624.5276491314128,0.70213232834297,0.1504158681321062,0.3708769918897874,0.0881877383011224,0.1728360173050915,0.0505462345381506,0.2231330104848986,0.4778807771593938,0.3079044011498765,0.1059837526305893,-0.0023584783903761,0.717699140386703,0.7331993590262033,0.6902795540025862,0.6795502151051831,0.7396854168535779,0.7283949874454793,0.6711143723726812,0.7544895671547381,0.6930044706798918,0.7215391709001282,0.6596027627596375,0.4007227259023314,0.3756653977766101,0.3611281009596784,0.40855364094733,0.4026647220321696,0.3601093088747149,0.4042303109047592,0.3615292198767713,0.3915573909701135,0.3413035239948507,0.1910777048730289,0.1764306288718576,0.1672162434922133,0.1955656839842554,0.191549309255417,0.1672439812167095,0.1925734752899523,0.1674135251607772,0.1851389469882997,0.1561738315611717,,,,,,,,,,,,,,,,,,,,,,,,,101.29970623512185,55.59601558717452,47.61086193050728,26.130127325972115,174.73186328496095,114.26606863321732,62.91335377996131,22.994929821521957,0.9885247720780336,4.499478326416016,3.879853628240847,0.5399381774902343,12.238832116699216,4.162912383889591,3.3600166868920427,6.479400592041013,2.0698112548828123,6.749414343261721,5.490562133789064,1.6198362670898436,3.422859679457721,8.189265960693357,0.9899107971191404,0.8099172180175781,1.7098318542480468,1.889829583740234,3.441922297004251,0.5967715387561274,0.425605869140625,0.0,0.4499497375488281,1.2598922973632811,1.1565104016402752,0.684366337060015,4.1668,7.9169,0.6174999794681235,84.58683788314104,83.06347112885169,72.56631813938176,54.22279881400506,35.727816362518226,29.14346776070717,46.0710675939801,38.45704697718145,29.165114517030545,35.60307299851281,62.134581969805865,82.5926660022091,6.572999071705937,6.766860913166603,6.971360435088947,7.212825366447725,6.8687135832056585,6.592159060321713,6.7876522416669145,6.594848222068964,6.382341170331779,6.346752893955006,6.406008079056611,6.4431053202093285,17.23451749690887,17.341270372694044,17.505478992216055,18.8462150630951,20.290542194120352,21.17688966560365,21.479390158253334,20.780968903572337,19.445570166778573,18.40069460407381,17.314383016204843,17.237757096670215,2.515140111936938,2.0415919052263383,0.8344740683990106,0.3040323047075774,0.0162359503051873,0.0031650343425671,0.1219652191215874,0.0306993795927024,0.0031163896287014,0.0165019113596901,0.5802414710127418,1.961978812668944,6.729581872090177,6.850634417660176,6.986742003142002,7.372060935286764,7.440537579721067,7.414311280872086,7.583887643334534,7.354674619331046,7.011484410180148,6.816044348744651,6.655749385852179,6.661445563607371,3.247496038029555,1.710310204395056,0.442228734012424,0.1655742551998449,0.0088840110034243,0.0017287136560588,0.0673958874743925,0.016698518200073,0.001654472582146,0.0086373011708481,0.3001270805382648,1.4392645373553945,1344.246577085296,334.04744725218967,935.052976219409,409.1936008658862,3.044036770048048,1.8327,0.9418,0.1028557823482253,0.293125134769964,0.0558270880377907,0.1656528622251428,0.0939014969740668,0.1547565811893508,0.1338810544554596,47.611,174.732,114.266
Chukumuk,785.3253264838098,0.724408071522593,0.1169180961764127,0.3552768903642048,0.0693855805704105,0.1622808192183279,0.0389717376808122,0.2438311378890666,0.4943394393109706,0.3214779247567353,0.082521382973158,-0.0003945611561732852,0.7215396286240015,0.7387379943079389,0.7095580595436445,0.684601787969103,0.7284344376594335,0.7360927555893476,0.7051854988893321,0.7596113470394034,0.7035928037487194,0.7467849603585707,0.68504138910671,0.3853444306986012,0.3594442662996339,0.3300305386923287,0.3800062615320266,0.3807343968544439,0.3426308763566528,0.3836342773113889,0.3375127035402252,0.3891777415191544,0.3240264275479199,0.18072570464386,0.1648898008912253,0.1481369368771745,0.1775224961324965,0.1775756925286691,0.1549294507377251,0.1789900655938257,0.1523268916688734,0.1827109063228119,0.1442733611751553,,,,,,,,,,,,,,,,,,,,,,,,,105.37240199029674,39.43324597853819,49.52502893543948,18.533625609912367,181.75685619306316,118.86006944505482,85.11890439525185,23.005534858247,0.8476768002723757,0.0,0.0,0.0,0.0899882019042968,0.0,0.989889422607422,2.429716540527344,0.0,10.25876367797852,0.0899899291992187,0.0,0.0,0.0899892395019531,0.7199160278320311,0.6299304504394531,0.0,0.7199179016113282,0.0,0.9898901550292968,0.0,0.0,0.0,0.0,1.1961533725619384,0.6378595212870003,3.4057,6.4708,0.3553337337000704,82.84486483427109,82.91616983623082,70.3718194474554,50.009537458137615,31.30694177619398,26.015245002940773,38.807847470531165,33.023581139775175,26.178288009109338,29.685609702656425,48.166393463984086,79.39951689255699,6.715473081501089,6.947128412769018,7.116709597577418,7.32132474262602,6.883555356772536,6.642707533307875,6.858944250662251,6.642416969437419,6.421392040413039,6.367741564975342,6.447088089924227,6.541869806235885,17.90141175675689,18.00289813502013,18.14186651790231,19.457311551226116,20.874268370720657,21.7616169924516,22.11456937504052,21.39080031689817,20.033859092184223,18.9879170173948,17.93393015600352,17.894650338843125,1.9065341801292304,1.879745603071569,0.7299391934590778,0.1863450202505769,0.0057437783435868,0.0012824714430566,0.0394619742596168,0.0101401015613528,0.0013380040251258,0.0043575959162508,0.1839505036957343,1.353865877948005,6.930834611760503,7.071859541345067,7.186035889420007,7.545061153264301,7.545920695528388,7.5350372620711505,7.72641436751848,7.478598708212047,7.129456264071252,6.927220752283239,6.790654444641811,6.835882573153088,1.527005768267924,1.4029820209528732,0.3921996173058102,0.1025835535195954,0.0031618369154122,0.0007054767258793244,0.0219899837832876,0.0055565662795175,0.0007155804488347139,0.0022960611065236,0.0959199041950574,0.7088884349001299,2098.701608443997,325.3744223253324,1459.8491218977465,638.8524865462506,3.044036770048047,1.5914,0.8178,0.0486658749849473,0.2469131403680551,0.0061315493584085,0.1244097904539059,0.1222133472486503,0.0686548611978688,0.383011436388163,49.525,181.757,118.86
Concepción,626.5697881197384,0.6468301575024366,0.1532254404318442,0.3520396916682689,0.0871024619030386,0.1633606003672776,0.0494495410287576,0.2013972915177856,0.4380217863119531,0.2670131045273436,0.1032528008746532,-0.0016295959340567,0.6507960309719816,0.6731956404703846,0.6405842950303361,0.6166913872421096,0.6566096607611641,0.6264304514656023,0.6286435027196354,0.6912209612327543,0.6358653875676052,0.6582171548744395,0.6071700513232299,0.3920337435916224,0.3535403262258331,0.3386186704787339,0.3704039154364049,0.3506759594492225,0.3464310870878929,0.3887262004634089,0.3444488757375157,0.3676662223351917,0.3213648841378884,0.1885143032125192,0.1643795666844323,0.1558616602070425,0.175109671893662,0.16276269221448,0.1606568316975232,0.1856444801892657,0.1589512190548182,0.1728439187965257,0.1456161323301039,,,,,,,,,,,,,,,,,,,,,,,,,64.76650931353412,52.19377736772845,30.440259377361013,24.531075362832265,111.715751914915,73.05662250566628,42.89510050251253,20.98306330448533,6.330159346760087,0.0,0.0,0.0,0.179968017578125,0.0899835571289062,2.34555495521695,0.2448984900620404,0.5924818503226486,0.1799645751953125,0.7279860442995557,0.0,0.4499195495605468,0.0899837951660156,0.0,0.0,0.0,0.0,0.4499119323730469,0.0,0.0,0.179964306640625,0.0,0.0,0.8447058657000674,0.5861965661782622,3.9148,7.4381,0.6174999794681235,84.58683788314104,83.06347112885169,72.56631813938176,54.22279881400506,35.727816362518226,29.14346776070717,46.0710675939801,38.45704697718145,29.165114517030545,35.60307299851281,62.134581969805865,82.5926660022091,6.572999071705937,6.766860913166603,6.971360435088947,7.212825366447725,6.8687135832056585,6.592159060321713,6.7876522416669145,6.594848222068964,6.382341170331779,6.346752893955006,6.406008079056611,6.4431053202093285,17.23451749690887,17.341270372694044,17.505478992216055,18.8462150630951,20.290542194120352,21.17688966560365,21.479390158253334,20.780968903572337,19.445570166778573,18.40069460407381,17.314383016204843,17.237757096670215,2.515140111936938,2.0415919052263383,0.8344740683990106,0.3040323047075774,0.0162359503051873,0.0031650343425671,0.1219652191215874,0.0306993795927024,0.0031163896287014,0.0165019113596901,0.5802414710127418,1.961978812668944,6.729581872090177,6.850634417660176,6.986742003142002,7.372060935286764,7.440537579721067,7.414311280872086,7.583887643334534,7.354674619331046,7.011484410180148,6.816044348744651,6.655749385852179,6.661445563607371,3.247496038029555,1.710310204395056,0.442228734012424,0.1655742551998449,0.0088840110034243,0.0017287136560588,0.0673958874743925,0.016698518200073,0.001654472582146,0.0086373011708481,0.3001270805382648,1.4392645373553945,1157.4665085822803,323.60591356333737,805.1294473599206,352.3370612223594,3.044036770048048,1.7489,0.8987,0.1020288767157667,0.0907361736740626,0.0286404383680579,0.304175496451034,0.0811352846379557,0.2383841113058735,0.1548996188472488,30.44,111.715,73.056
El Novillero,2684.8566428666404,0.6275455573220704,0.1854810493445066,0.3137276808168047,0.0898632976639167,0.1407176313456502,0.0489482909902571,0.1592934910745045,0.3891863765320913,0.2584055108233551,0.1227836664606412,-0.0035488809407556,0.6525901559974397,0.6754265122799578,0.6110464676714477,0.6100873708999204,0.6833563301156066,0.6580210424631229,0.587214278925929,0.6903501390813245,0.6184888600559153,0.6557409127347755,0.5764700034124128,0.3413884943134116,0.3120689148250211,0.3021485683934807,0.3494879690875459,0.3430740163371898,0.2967234745622982,0.3499559785483253,0.3071158779369388,0.3374898825479258,0.280785349974207,0.1561059610323391,0.1401212347029667,0.1339738705266243,0.1605993464436262,0.1568112127048554,0.1321122483834685,0.160976541692948,0.1371184431912043,0.1539546794989811,0.1231088187167645,,,,,,,,,,,,,,,,,,,,,,,,,82.69332169004757,59.50919164602415,38.865861194322186,27.9693200736313,142.63771058316277,93.27806686637383,50.01539255410849,22.434532049159515,3.473922320670132,1.079917010498047,0.449962060546875,0.5399613708496094,5.489514599609374,1.169910949707031,2.157698922119141,2.87971275024414,0.2615056525017233,4.589553356933594,3.0583068847656247,3.779648950195312,3.77650194163603,0.3599664550781249,0.0,0.179986962890625,0.1799817321777344,0.4499674255371093,0.4499516174316406,0.0,0.0899916381835937,0.6299329650878907,0.1799818359375,0.0,0.916983244747206,0.5583479735775397,4.108,7.8052,0.6448733772546702,84.67793986349044,83.35559077636144,73.43288222585558,55.86142615159326,36.9652300706747,29.57774036531334,46.14980632899548,38.736951307571886,29.50935434048277,35.974255203634925,62.28572151236138,82.60825804484861,6.561984170823846,6.757943336602207,6.971872796787832,7.242185865120029,6.902590512512287,6.600337308779864,6.775182305230028,6.5900868574397,6.382960156547628,6.345426281389155,6.399721366739789,6.433896551240025,17.209967092584154,17.31962884648631,17.49030191040898,18.840840191410877,20.284776040545825,21.164196255697213,21.458317497937376,20.76253606916745,19.43032821433489,18.384063640119443,17.293539667617456,17.213803457811803,2.5382211575521056,2.1230041143110374,0.8784068967617729,0.3537828711175362,0.0243441507453741,0.0036812190629787,0.1231599819711216,0.0326199885195076,0.0034978285073624,0.0181487246742192,0.5829905677698063,1.955839954090253,6.719129426308887,6.841842704099651,6.983969447787803,7.386193315740593,7.459192916764984,7.417507814860335,7.572813348512751,7.348827494640855,7.009374083300806,6.812422684708661,6.64850577316582,6.652052278472848,3.338894213236425,1.9758056079160515,0.4653989389264652,0.1929648388947754,0.0133609382951336,0.0020113464901516,0.0680027370038143,0.0177342640637768,0.0018565695767607,0.0094958101186512,0.3013829925232349,1.3515722700108024,1305.847322244885,327.4041656473986,908.3425957466648,397.50472649822086,3.044036770048048,1.7921,0.921,0.2588874154292508,0.1666078719331973,0.0149529475026794,0.171972088816371,0.1471272462270668,0.0807372622111428,0.159715167880292,38.866,142.638,93.278
Jaibalito,492.8615445854088,0.703287536193454,0.1055245895152415,0.4157000582023958,0.0862617065539634,0.2010165429406995,0.0486967673693923,0.2161780935736205,0.4843838505497287,0.3029670295758934,0.0744743589566256,-0.0007735233330877277,0.6995246895338401,0.7325891967207061,0.6491627017700967,0.6715212010171273,0.7198755660729924,0.721431279955821,0.6385297893269231,0.7728818821452798,0.6821863321774935,0.734988172969722,0.6372722231933012,0.4459903941907857,0.3869496447817058,0.403451402280176,0.4466141784774711,0.4246231941992361,0.3719864169111881,0.4838877505005312,0.4002461610996379,0.4412481038476077,0.3600540313235675,0.2202782976285009,0.1846299029277491,0.1943476213964695,0.2214228066786571,0.2066335630650511,0.1749872752087999,0.244449277603644,0.191607730450279,0.2168895854126833,0.1673352257362147,,,,,,,,,,,,,,,,,,,,,,,,,96.17819263909732,48.56545762018676,45.20375054037569,22.82576508148778,165.89776448317846,108.48900129690156,45.44176722864241,18.05063023954725,9.11730442316354,0.17998134765625,0.7199305114746093,0.4499555847167968,0.1799820617675781,3.665286803672642,0.8692084393669577,0.4499554077148437,0.4499552307128907,0.4040770846497779,0.0,0.5399468627929687,0.6299361938476563,0.0,0.0,0.9899042663574218,0.2692658571968827,0.0,0.7139298636881511,0.6627599477491192,0.6542890710449218,0.8385090493116193,0.1729248741000306,0.0,1.429269220057371,0.625509043460543,3.5865,6.8144,0.6174999794681235,84.58683788314104,83.06347112885169,72.56631813938176,54.22279881400506,35.727816362518226,29.14346776070717,46.0710675939801,38.45704697718145,29.165114517030545,35.60307299851281,62.134581969805865,82.5926660022091,6.572999071705937,6.766860913166603,6.971360435088947,7.212825366447725,6.8687135832056585,6.592159060321713,6.7876522416669145,6.594848222068964,6.382341170331779,6.346752893955006,6.406008079056611,6.4431053202093285,17.23451749690887,17.341270372694044,17.505478992216055,18.8462150630951,20.290542194120352,21.17688966560365,21.479390158253334,20.780968903572337,19.445570166778573,18.40069460407381,17.314383016204843,17.237757096670215,2.515140111936938,2.0415919052263383,0.8344740683990106,0.3040323047075774,0.0162359503051873,0.0031650343425671,0.1219652191215874,0.0306993795927024,0.0031163896287014,0.0165019113596901,0.5802414710127418,1.961978812668944,6.729581872090177,6.850634417660176,6.986742003142002,7.372060935286764,7.440537579721067,7.414311280872086,7.583887643334534,7.354674619331046,7.011484410180148,6.816044348744651,6.655749385852179,6.661445563607371,3.247496038029555,1.710310204395056,0.442228734012424,0.1655742551998449,0.0088840110034243,0.0017287136560588,0.0673958874743925,0.016698518200073,0.001654472582146,0.0086373011708481,0.3001270805382648,1.4392645373553945,1561.3786891620243,328.91379177679806,1086.089274984162,475.28941417786245,3.044036770048048,1.4429,0.7415,0.0203920007301593,0.0855156067976688,0.0882213647800142,0.2282768597684327,0.0126692715725807,0.4884902876583651,0.0764346086927774,45.204,165.899,108.49
La Catarata,662.2890691309613,0.5470222873724293,0.1698676364716505,0.2940549250587606,0.1000210597929599,0.1308193285501873,0.054557869498965,0.1039409558876534,0.3027190302119437,0.2019087823719153,0.1080691997518086,-0.0054464910616251,0.5831633071797916,0.6018643515492182,0.5466238960145526,0.5338344051406905,0.5989573815541844,0.5695735193207919,0.5187596760728588,0.6329129264121617,0.5464489957875981,0.5538713666191439,0.4836944555535724,0.3365573171811853,0.2982068818816232,0.2894153425448096,0.3369666509656572,0.3224290579283716,0.279456601550088,0.3578031659266018,0.2908272194624386,0.3044654091801086,0.2556614678752761,0.1550553998257675,0.1336181323659898,0.1277488099028113,0.1554443879396238,0.1471296904335477,0.1231439621491688,0.1669567560521565,0.1289605705799169,0.1372553035817119,0.1105748334638464,,,,,,,,,,,,,,,,,,,,,,,,,48.68484360219714,45.81826790076274,22.8818764930326,21.534585913358494,83.97648672943004,54.91650358327822,31.60613138859665,18.719453335088453,8.67734342347295,0.0,0.9898477600097656,0.179971923828125,0.7198865539550782,0.0,0.26995625,1.1355907453709022,0.7198893188476563,0.0,1.6197495300292966,0.3599441101074219,0.5399179382324218,0.0,0.0,0.0,0.0,0.1799728881835937,0.0,0.0,0.0,0.0,0.0,0.0,0.8265269186906179,0.5135393537835709,3.6347,6.9059,0.6174999794681235,84.58683788314104,83.06347112885169,72.56631813938176,54.22279881400506,35.727816362518226,29.14346776070717,46.0710675939801,38.45704697718145,29.165114517030545,35.60307299851281,62.134581969805865,82.5926660022091,6.572999071705937,6.766860913166603,6.971360435088947,7.212825366447725,6.8687135832056585,6.592159060321713,6.7876522416669145,6.594848222068964,6.382341170331779,6.346752893955006,6.406008079056611,6.4431053202093285,17.23451749690887,17.341270372694044,17.505478992216055,18.8462150630951,20.290542194120352,21.17688966560365,21.479390158253334,20.780968903572337,19.445570166778573,18.40069460407381,17.314383016204843,17.237757096670215,2.515140111936938,2.0415919052263383,0.8344740683990106,0.3040323047075774,0.0162359503051873,0.0031650343425671,0.1219652191215874,0.0306993795927024,0.0031163896287014,0.0165019113596901,0.5802414710127418,1.961978812668944,6.729581872090177,6.850634417660176,6.986742003142002,7.372060935286764,7.440537579721067,7.414311280872086,7.583887643334534,7.354674619331046,7.011484410180148,6.816044348744651,6.655749385852179,6.661445563607371,3.247496038029555,1.710310204395056,0.442228734012424,0.1655742551998449,0.0088840110034243,0.0017287136560588,0.0673958874743925,0.016698518200073,0.001654472582146,0.0086373011708481,0.3001270805382648,1.4392645373553945,1243.4099632806767,312.0311858835894,864.9113984336296,378.4985648470473,3.0440367700480477,1.5774,0.8106,0.3412513055936902,0.0867796639175886,0.0206188875084967,0.3137681907372775,0.0185497254041658,0.1297395123323452,0.0892927145064361,22.882,83.977,54.917
Nimayá - Xepec,703.1493803833288,0.6713958951208805,0.1162212059289999,0.3157571721323423,0.0732684114155753,0.1403170481985573,0.0398299671121283,0.1909278651833133,0.4420139533611739,0.2801987610165813,0.0804337504903365,-0.0034706190561554,0.6783884624060365,0.7071064767271905,0.6499857122198838,0.6391549742162974,0.6772183558847259,0.6394276967721652,0.6308121828002112,0.7580244024865758,0.6606628277720739,0.6939815003410322,0.5713326373131734,0.3665295216634904,0.3044986969313371,0.3026967471711747,0.3386185415219652,0.3106764165788774,0.295233112163912,0.4005947699433714,0.3050307593824193,0.3402635881259093,0.2541018691282249,0.16985308741576,0.1343093507100491,0.1338081874471823,0.1538798573559137,0.1375138189969351,0.1289602345164302,0.1903883097888555,0.1343691671374755,0.154504912887916,0.1067732068123077,,,,,,,,,,,,,,,,,,,,,,,,,117.28229216416752,56.28584472840396,55.12267731715864,26.454347022350284,202.30022575397268,132.29442556118053,74.70080494385542,22.966801573623304,1.6533371495715057,0.0,0.0,0.0,0.087512120289522,0.0,0.0,0.1153868299775965,0.4978999634507123,2.7594578546501607,0.0,0.2699485290527343,3.079156414076861,0.0,0.1400869796693091,0.0,0.0,0.2699433959960937,0.3786247354185815,0.0,0.0,0.0,1.1697481262207032,0.9072142878274356,1.1180392269330166,0.5646330496503497,3.347,6.3593,0.5786411643493797,84.17395036555634,83.6412235530464,73.23167325309676,53.45178800591872,34.32280126720085,27.882535300856865,42.94863336699262,36.399105887074896,27.93646922125655,33.194446924337235,55.8084237601458,81.77566537763059,6.63948140861348,6.850884449618968,7.044885987362389,7.27187009234137,6.883505702854502,6.621479371735537,6.840708076162406,6.635085858627449,6.407689281291879,6.365072096028006,6.4333969018248895,6.491314089113046,17.548051492084568,17.653307693550776,17.808118145621872,19.137646166610725,20.56878679377473,21.45514018876213,21.78464306318925,21.075144520561825,19.72558449202039,18.68053180840489,17.608730742209307,17.54685594122927,2.3527534847085345,2.1824457555138363,0.8639181774341761,0.2816325395533723,0.0124133347084761,0.0022327844504968,0.0757013733319761,0.0204717684957758,0.0022133658725777,0.0098711064439266,0.3752123790069892,1.7671819935328403,6.824032768317525,6.954476618338995,7.08377828586207,7.458435476698408,7.495629351247469,7.475306770955193,7.664471679164685,7.42559374318044,7.072039353395772,6.874267725157819,6.724552470497499,6.744676579395149,2.750234917145764,2.3149923547838016,0.4610454674487563,0.1542900541108067,0.0068163178822858,0.0012240192275755,0.0420212575621785,0.0111820744526438,0.001179544887688,0.0051842772387396,0.1949038385109727,1.0006198489413436,1205.7597591070692,301.04282851954935,838.7220548504497,367.03770425661946,3.044036770048048,1.6639,0.8551,0.0419290918175737,0.1298243917377884,0.0098250767631343,0.2010438577403834,0.1409439649267022,0.1196724168500116,0.3567612001644062,55.123,202.301,132.295
Palopó,1455.0206213433994,0.6693578874462232,0.1429595105312809,0.3166231497014496,0.0961888371394011,0.1421216411678854,0.0529382944054223,0.2131252718921685,0.4522649887375788,0.2817568756215817,0.0973591268373727,-0.0033037808444137,0.6758649309851368,0.7017836797961228,0.6542395113872749,0.6506662546605341,0.6669073127740096,0.6233409849962631,0.6380466222411962,0.7381385469642452,0.6744188792786011,0.6792465110744003,0.5831908686801087,0.3657239114820146,0.307374439520162,0.308785644104023,0.3346763298448153,0.3005320572060361,0.3047457269420279,0.3712470291460434,0.3195425777386243,0.3286705829821569,0.267566100867073,0.1702875881939718,0.1371409851222009,0.1383083698650668,0.1532287075112859,0.1336274213458858,0.1359933630187544,0.1737822889276763,0.1437978861921877,0.1489227786061842,0.1156678695876036,,,,,,,,,,,,,,,,,,,,,,,,,85.56312921328255,47.651121267052616,40.21467073024302,22.39602699551409,147.58784157999196,96.51520975258364,63.70000486899692,22.295603422651126,3.995324510006162,0.3599191101074218,7.108452166748046,5.4888546875,3.599204693603516,0.0899794921875,6.740702868628409,4.0491052307128905,4.858925128173827,2.3394807678222658,0.5398754333496094,0.6298651428222656,1.524376909203623,1.1697270202636718,0.489428316267425,0.1799595520019531,0.989771942138672,2.879405200195312,1.529658984375,1.7096438171386716,0.5398888732910156,0.8098285339355469,0.0899812255859375,22.59228148049748,1.07059415373112,0.5828191188261855,3.0709,5.8347,0.6532918948267901,84.14821347922827,84.43750221011291,74.98535417184958,54.53213756564198,34.61779228925414,27.61663460589447,41.62330341499208,35.79810096108275,27.548441076706656,32.55450362149494,53.952781009436,81.35251148960322,6.670859159507181,6.9026855630980615,7.103172041696302,7.33306268694406,6.904653243740708,6.63401918049831,6.84442936948087,6.642902430428916,6.414113286798904,6.36958970743781,6.438470961624998,6.508454120840497,17.65504231262208,17.767879499465028,17.923119729870002,19.24709936272995,20.664284866135056,21.54663761269943,21.879937526328373,21.168188663006507,19.813377862515665,18.76840220509941,17.699617338130793,17.645759691424395,2.360653017747808,2.404723847679519,0.9346399476322828,0.3126727931448877,0.0136742722137344,0.0021249546917439,0.0644848889479531,0.0192154779299811,0.0020418866023414,0.0090414456631291,0.3380555913089328,1.7362568560798717,6.860812983836924,7.00340488039045,7.136002230670784,7.511418541975749,7.523940849033763,7.497113462727985,7.681364839410012,7.444755414278228,7.089940235453376,6.891618742535695,6.743724341045277,6.772123705313247,2.9197425815708304,3.105892859602746,0.500360973294619,0.1717763641229468,0.0075196220571947,0.0011663220347559,0.0358386594050904,0.0105093008991875,0.0010892962682479,0.0047541087644624,0.1757917393736656,0.9050609105277336,1336.736129751053,302.0407601041502,929.828736669661,406.9073930813923,3.0440367700480477,1.7878,0.9187,0.0768406545393294,0.1543657781064354,0.0240647334392329,0.1866124965740037,0.20092378977746,0.0971478672169031,0.2600446803466354,40.215,147.589,96.516
Pamachá,983.5714952415956,0.6233540477703786,0.1937403416596995,0.305963174073343,0.0935688111763157,0.136393176581544,0.0506798354110226,0.1478514802476867,0.3677059438434612,0.2567551831170588,0.1285637736257339,-0.0048511568429729,0.6581257394902568,0.6874315356291163,0.6272196945980119,0.6037208526073325,0.6904071263807143,0.6361483944910674,0.5762950262036934,0.6896405627719722,0.6279242822962551,0.6496970217445842,0.5744708402460538,0.3453845322089547,0.3186893426279753,0.2938354414580518,0.3516790895175758,0.3127527786434383,0.2889614946224518,0.3416097687773278,0.3040837103049726,0.3318747028472799,0.2774558583674846,0.1585334397887863,0.1438515118556516,0.1296145308551551,0.1616757239920238,0.1400591268861181,0.1279559607953926,0.1559745490457798,0.1353026326425219,0.150948468313157,0.121222220208865,,,,,,,,,,,,,,,,,,,,,,,,,80.0911443046769,58.627391178987885,37.64283782319798,27.554873854124327,138.14921481113686,90.3428107756749,48.35408487118838,22.02829892896768,4.407329421589203,0.0,0.9899532775878904,0.4499759887695312,0.0,0.8389069462794886,0.1799907592773437,2.024741852357154,0.6299704956054688,0.0899963928222656,0.0,0.3599855895996094,0.6299703369140625,0.0,0.0899958740234375,0.0,0.0899961181640625,1.7307453335631129,0.0,0.0,0.0,0.0,0.0,0.0,1.0277649564547584,0.5770224504819021,4.1819,7.9456,0.5753399747235617,84.43859981550742,82.58714040082788,71.22034797663338,52.96016844828064,35.00684727507647,28.892982707038133,45.91547315432302,38.11187697624163,28.97113140192336,35.2745682888648,61.66753531374478,82.26869009338188,6.57339285256784,6.763814320948004,6.958306403709649,7.185086093053809,6.849218648543666,6.584915455297249,6.785387024216455,6.5899862747856055,6.378200126084531,6.343895611934143,6.40524415752996,6.44408498131005,17.22526832296174,17.329474310537584,17.48900793206821,18.826084666683062,20.273521717809867,21.16336854291846,21.46735362291508,20.76801741667717,19.43252581637348,18.388466851497647,17.303912522859935,17.22856567356477,2.4557868067404094,1.9393288719047468,0.797084560044023,0.2744149892281084,0.0145444446744998,0.0029766925903521,0.1187989261588363,0.0288560772141296,0.002964919166495,0.015468346137699,0.562644271314749,1.8875523649563892,6.728021458296436,6.846771397457715,6.976896131257203,7.353624335559387,7.426188247680591,7.407655357659487,7.580597425735545,7.349623246444976,7.006865677884902,6.812298832497739,6.65340041040642,6.660248068847083,3.0413046066650438,1.5617808522474173,0.4221950382239207,0.1493721288886329,0.0079558373127403,0.0016253666637767,0.0656337965511972,0.0156923878730228,0.0015736884151061,0.0080949505641963,0.2909832066319353,1.3378678366457508,1409.0678763770695,313.4458024498216,980.1424336585372,428.9254427185317,3.044036770048048,1.7656,0.9073,0.2672562477018259,0.1725813846198724,0.0104456395649306,0.1699422435796086,0.1549454542704348,0.0663995352691595,0.1584294949941673,37.643,138.15,90.343
Panabaj,2364.3627396574784,0.8041871263426912,0.0878675450615356,0.421741303588606,0.0795804796808754,0.2024949227029034,0.0466880364705492,0.3203748184785311,0.5919786780956372,0.3852084315427981,0.0651381524227819,0.0005574822579193569,0.7989444626841511,0.8045870331432972,0.8046456602394444,0.7786325097152327,0.7971082223786663,0.807691855031661,0.7955032095769524,0.8254310220164769,0.8039652974087693,0.8031774349201658,0.7937890840172126,0.4219618304532637,0.4246540666940718,0.383096871731138,0.4177835754297038,0.4494515083984682,0.4327466677128661,0.422564280761319,0.4131026704511456,0.4239509267175794,0.4196867232746802,0.2036725710658911,0.2047138971953078,0.1793940631718603,0.2004405336091243,0.2206995265184283,0.209417502404407,0.2037898527326442,0.1979348342307639,0.2040474882613868,0.2010444121956318,,,,,,,,,,,,,,,,,,,,,,,,,141.91503373872035,44.500262303599584,66.70006585719887,20.91512328269026,244.78924169591937,160.0801580572771,93.87581155318796,23.04,0.0,0.8998857482910156,0.1799817260742187,2.5197718444824213,1.6780822134698603,0.6299314941406251,6.39855716492896,2.8063284533691406,1.8672184579407936,2.6485715168313417,0.0899920166015625,0.1799802978515625,6.299369140625,0.4499474243164062,3.632420232867072,0.6299335632324219,0.0,3.41966177368164,2.5197187377929686,1.5192712042595358,0.53995029296875,2.969692419433594,10.978916510009764,2.9697040832519543,1.6815164805961664,0.7590228958073744,4.2356,8.0476,0.23417818691574785,81.28548753052293,82.4576222949369,67.77507858255818,47.350030768915126,28.62176529847102,24.00611901125106,33.717936856529406,29.20982248258175,24.23924309263812,25.695815905348876,39.700138078255925,76.49756520165735,6.831163589795547,7.109751365027193,7.263478423480677,7.453738060400958,6.910093725942708,6.671755530972479,6.856637458313946,6.638821682843898,6.43429721282059,6.364046151186243,6.453850579919317,6.610287708809555,18.362490131737506,18.471440892239094,18.59581242719589,19.89060551036073,21.272174123933866,22.153319435134893,22.527887909009387,21.788177088426167,20.422095455841077,19.37350946168469,18.33907334628297,18.336615445805528,1.462581916327167,1.6773512156820771,0.6377418149550185,0.1271094842095893,0.0025698401767446,0.0006033826900326897,0.0101258110727984,0.0030649946226612,0.000647677319766028,0.0010747508810475,0.0377629527799456,0.9578197383314588,7.078759434273491,7.246474984934366,7.349845657422274,7.696776936836006,7.6265609602445394,7.612198020302502,7.787609472197424,7.536612781797327,7.198530377936736,6.988693050780857,6.8665091854216005,6.953638691427419,0.7801336808410896,1.076292225344824,0.3467226359652738,0.0707559810292073,0.0014238258495142,0.00033401847838204226,0.0056721547812301,0.0016879833692845,0.0003484405057572965,0.0005695272889073757,0.019833101173271,0.5063646683622332,2397.398561264368,330.9645020459107,1667.6216239694654,729.7769372949017,3.044036770048048,1.4728,0.7569,0.0184690878050928,0.4933015363292101,0.097251463687867,0.0393275949318543,0.2150498362461275,0.074346894548858,0.0622535864509886,66.7,244.789,160.08
Panajachel,441.8655053333477,0.5586936783693155,0.1956065889264297,0.3001400800763549,0.112300728831124,0.1352713929432982,0.0597542017257933,0.1433001517886657,0.3465546120667587,0.2141995195988332,0.1171447126212521,-0.0024967923882125,0.5673530258213138,0.5857497729836818,0.5567669360349227,0.5205394406671446,0.5670362798527522,0.5608090844142476,0.5326967781394263,0.6192107128981251,0.5497546332395633,0.5674199266520507,0.5011910358616424,0.3331877159229446,0.3033092067255047,0.287765431540997,0.3149736643597695,0.3200277396429565,0.2879565128767962,0.3532663839851107,0.2945979068009984,0.3090395965911543,0.2612344893974367,0.1550066964347873,0.1372489211301646,0.1289267098928021,0.1444716001802916,0.1474548408447975,0.1286876029096784,0.1665522005841856,0.1322949978047566,0.1403838227705814,0.1135394131928576,,,,,,,,,,,,,,,,,,,,,,,,,54.339660608001374,48.03811757393837,25.53964048576062,22.577915259750934,93.73048058274168,61.29513716582555,37.175214741419246,21.365548285036297,5.5129507197392105,0.0,0.0,0.2699516235351563,0.2699504272460937,0.2699522888183593,0.9898239990234377,0.1799682250976562,0.7198705505371094,0.0,0.0,0.0,0.5173157233743106,0.0,0.0,0.0,0.3599344848632813,0.1799671630859375,0.0,0.0,0.0,0.0,0.0,0.0,0.711010461731448,0.4671570291131075,3.1474,5.9801,0.6174999794681235,84.58683788314104,83.06347112885169,72.56631813938176,54.22279881400506,35.727816362518226,29.14346776070717,46.0710675939801,38.45704697718145,29.165114517030545,35.60307299851281,62.134581969805865,82.5926660022091,6.572999071705937,6.766860913166603,6.971360435088947,7.212825366447725,6.8687135832056585,6.592159060321713,6.7876522416669145,6.594848222068964,6.382341170331779,6.346752893955006,6.406008079056611,6.4431053202093285,17.23451749690887,17.341270372694044,17.505478992216055,18.8462150630951,20.290542194120352,21.17688966560365,21.479390158253334,20.780968903572337,19.445570166778573,18.40069460407381,17.314383016204843,17.237757096670215,2.515140111936938,2.0415919052263383,0.8344740683990106,0.3040323047075774,0.0162359503051873,0.0031650343425671,0.1219652191215874,0.0306993795927024,0.0031163896287014,0.0165019113596901,0.5802414710127418,1.961978812668944,6.729581872090177,6.850634417660176,6.986742003142002,7.372060935286764,7.440537579721067,7.414311280872086,7.583887643334534,7.354674619331046,7.011484410180148,6.816044348744651,6.655749385852179,6.661445563607371,3.247496038029555,1.710310204395056,0.442228734012424,0.1655742551998449,0.0088840110034243,0.0017287136560588,0.0673958874743925,0.016698518200073,0.001654472582146,0.0086373011708481,0.3001270805382648,1.4392645373553945,1278.1473888892256,283.56554257122497,889.0746239572553,389.0727649319703,3.044036770048047,1.6705,0.8585,0.2794618543627136,0.0559156179432114,0.0233360508357321,0.2738833590253546,0.0350453598446133,0.1898163401254861,0.1425414178628888,25.54,93.732,61.296
Panasacar,760.6824240164776,0.73647943361709,0.1337124817735037,0.3625416564413081,0.0860362058052176,0.1679718750717223,0.0492314002735696,0.2711603838870572,0.5358531850449123,0.3328158755838169,0.0942804389178999,0.001177658500503,0.7159904585009944,0.7511662193418406,0.7110611052596694,0.6681343802670541,0.7389343512739697,0.6865024134556488,0.7108815120121821,0.7801263577720121,0.720808078784706,0.743324720725643,0.701960078639869,0.3914765676938732,0.3526521745102295,0.327803939178904,0.3782373186625298,0.3472270291542838,0.3513567422756262,0.4016013239496636,0.3502735737807892,0.3712087375252617,0.3350265929436237,0.1858694418350656,0.1620932440211601,0.1482783636405402,0.1774557366769019,0.1591162637203808,0.1616487734571697,0.1918682449154038,0.1606993025268122,0.1734795167909662,0.1521060911025319,,,,,,,,,,,,,,,,,,,,,,,,,126.83627254712955,54.449254262357016,59.61304809715092,25.591149503307246,218.7798865165446,143.0713154331621,71.8294190998039,22.997844104765992,0.9521250209808996,0.0,0.4499089721679687,0.1799616638183593,1.988390120394838,0.1799644653320312,4.002532066099878,1.079761065673828,0.4640176236500459,6.81664940688189,0.5398927551269531,1.5124006544644228,1.349710968017578,1.2597328247070312,1.2583237055999157,0.2829985439165901,1.2629116147030102,0.1799618835449218,0.5398866455078125,0.0,0.0,2.339517071533203,1.266093836813534,0.9897912292480469,1.2625442839805276,0.6788776714884408,4.5088,8.5667,0.9529808483517052,84.88740451907638,84.35753782193227,76.0307076504347,58.13668862356937,38.21144748777177,29.885527806683896,46.51410677383569,39.435077913841184,29.74692990979524,36.56777018958972,63.057854328603824,84.03446793262998,6.57073099341193,6.7712353009986,6.999384224247351,7.284746525444362,6.932882334720219,6.6170307536715605,6.802214743814023,6.616237853818287,6.396328507574128,6.356159293739285,6.409508272428681,6.443325955291724,17.258238689684774,17.370294600866092,17.54660822992205,18.90051545159714,20.34180578792514,21.21698419048476,21.51451716274032,20.81999144737384,19.48223530137436,18.434715579622765,17.342825855454166,17.263584536551228,2.6501393142873377,2.469894312304579,1.0427079289197865,0.4270747320967673,0.0293828367660516,0.0039478761581528,0.1311099118556752,0.0377983450011505,0.0037056223110365,0.0207896204540344,0.6140520088809585,2.419424327214839,6.732906420293545,6.858535343431794,7.00899795004263,7.419872066224707,7.486672644253732,7.436176079604268,7.598450448292117,7.374080360104537,7.025883166981622,6.82730360723812,6.662889213048769,6.666379353643495,3.863109604867485,3.3338949800521607,0.5535626473930778,0.2334724084225202,0.0161410684702688,0.002159898824622,0.0725235504316604,0.0205904238640758,0.0019695018829328,0.0108915114277367,0.3177894136282219,3.0096651709557,1122.9386950030996,344.32187272749024,781.1120271931786,341.82666780992025,3.044036770048048,1.8166,0.9336,0.0565059819127222,0.2102957992520747,0.0471271175077102,0.1317547937245788,0.2557928827902682,0.162765014377449,0.1357584104351973,59.613,218.78,143.071
Parracaná,1594.7782975124803,0.6724027887039068,0.1826108912439285,0.3427338149964247,0.0981789729235054,0.1570864497032927,0.0542568252057273,0.1873575142574801,0.427516204568054,0.2903162291101898,0.1240077283699134,-0.001233991957045,0.6791369903684928,0.6898618534632573,0.6646874878465558,0.6490350334546424,0.7151027289765007,0.6685543049824547,0.6248755335794277,0.726029683491475,0.6692292224863102,0.6941461850764354,0.6343182322608321,0.3589369057010045,0.3481314627419332,0.3267133367626035,0.375325251818112,0.3451329897700972,0.3175538012672711,0.3835489116963453,0.3397518043133516,0.3573430750884857,0.320453946943053,0.1668148429537177,0.1604968569187599,0.1477214917616505,0.1753564910167152,0.1579948296548669,0.1435096772913935,0.1806774547914654,0.1555625139893607,0.1652687900688058,0.144785169468092,,,,,,,,,,,,,,,,,,,,,,,,,98.0005639422618,70.94372867565768,46.0602650528631,33.343552477558795,169.0411727440074,110.54463612687115,58.729539755563074,22.38069793829209,3.669281581309576,0.0899955993652343,0.0,0.1799909057617187,0.1799906494140625,4.769722375488282,0.1799900878906249,2.249882482910156,0.0,0.0,0.1799910278320312,0.0899951293945312,0.1799905578613281,0.1799894897460937,0.0,1.529933544921875,0.0,0.0,0.0,0.0,0.0,0.0,0.3599822509765625,0.0,1.173660560069,0.6329444160724291,4.3813,8.3245,0.6858685501920786,84.80818056326875,83.81909789540283,74.8433100269312,58.95058043159698,39.38262317911164,30.430072961369312,46.26280083654662,39.22446695518271,30.188356452438352,36.66095155154045,62.445938192112,82.51414743045252,6.53793050810366,6.737244920933787,6.968219718317214,7.295877063309464,6.968849678321838,6.615192645725343,6.746908805170688,6.577753484031598,6.382676497194801,6.341405089165226,6.385649363599796,6.414033333988766,17.152506830696822,17.2676105438594,17.450697183518535,18.821188074545773,20.26532333571636,21.130934481205664,21.40737268945886,20.71701482702614,19.39176149835026,18.34279462575461,17.243749464581065,17.157678060732415,2.563039953511864,2.260122370471132,0.9585770510018032,0.4498399028737146,0.040901176268513,0.0047199819263701,0.1246099115381883,0.0361010295937969,0.0042649239828331,0.0213019470894575,0.5828276451235601,1.914027888519581,6.695569396660913,6.821087697591485,6.974229723286906,7.410086046136534,7.494254000015661,7.421740205566902,7.547211460642358,7.3340301789710205,7.002920158222052,6.803015614977454,6.63171149162948,6.6309570658783645,3.447508968599432,2.4722645148135456,0.5075536036940573,0.2458663189849383,0.0225036479452702,0.0025799324032265,0.0686825314500019,0.0196067463116431,0.0022627468708073,0.0111381291014316,0.3009202567688314,1.1295352053617582,1246.2404163853505,318.7416070668929,866.8802512056493,379.3601651796993,3.044036770048048,1.7828,0.9162,0.2137551950901846,0.2914709901188896,0.0283071335540191,0.1354043952373083,0.1398132255135566,0.1093603131535508,0.0818887473324911,46.06,169.04,110.544
Patanatic - Pamuch,430.2246354151232,0.6801322557744305,0.1573376544696642,0.3195583275493692,0.075894352608483,0.1425051598424715,0.0419380520520113,0.2218738948680785,0.4625627088856714,0.2921201586468261,0.1097823614632361,0.0018941557543456,0.654318334571079,0.6909432458321966,0.6613729556893887,0.6001241176310116,0.6677967432057748,0.6268884592742374,0.6463106672786314,0.741767151229151,0.6587403464899813,0.6920344934103266,0.6424421746156508,0.3465831412816683,0.3193742660434989,0.2841619406192024,0.3369827671054165,0.307954930491143,0.3083326614677469,0.3706245870056832,0.3058766786353216,0.3294219298712423,0.2972321139627373,0.1582886493934916,0.1422931869739915,0.1235843233108108,0.1531110730203762,0.136468915741974,0.1367589101362236,0.1719135026248865,0.1349898648036346,0.148321455813299,0.1304969667397619,,,,,,,,,,,,,,,,,,,,,,,,,82.46891212384217,49.73517810489322,38.76038869820577,23.37553370929977,142.25062652241536,93.0249328756938,60.81419815204465,22.86185751248568,2.3280078863618234,1.6150665987141928,0.8098196228027345,2.947813844377106,10.614820342371326,0.0,3.875136561494716,0.179960986328125,3.3293254821777345,1.1697584533691407,0.1799631164550781,0.0899816528320312,2.3691329309800087,0.0899811157226562,0.0,0.0,0.1767844363223805,0.0,0.0,0.0,0.0,0.0,0.0,0.0,0.9691255284519926,0.5827051908865815,3.6737,6.98,0.9481882645105112,84.8831107099916,84.33905115488827,75.98121637170539,58.08077591200418,38.17596704312529,29.874926948884227,46.5077776426949,39.42110604331747,29.738618261327165,36.55398880114576,63.044664723478135,84.01387076219538,6.570763394530415,6.771172809743859,6.998983884402231,7.283719080315839,6.93196563827001,6.616675443766561,6.802006708069063,6.615932287650441,6.396128688470667,6.35602491659951,6.409458269666224,6.443322803361975,17.257899815502263,17.369879969035065,17.546020669383392,18.899739731761397,20.341073450870784,21.216411411557885,21.514015348390505,20.819433982462385,19.48171151373728,18.434229565686348,17.342419529179175,17.263215573124356,2.6482107542537605,2.463775706489176,1.0397331594837755,0.4253169831340646,0.029195024102325,0.0039366927036444,0.1309792733880454,0.0376969312096013,0.0036972047012889,0.0207283674669723,0.6135690011971268,2.412889391292756,6.732858926747782,6.858422473063627,7.00868000794405,7.419189050068452,7.486013571903266,7.435863725336666,7.598242408221295,7.373803135236344,7.025677470455887,6.827142760688212,6.662787215517389,6.666308870928693,3.8543151253412287,3.310700911828488,0.5519721629162113,0.2325024348050534,0.0160373962207425,0.0021537390364997,0.0724502981036994,0.0205348252117329,0.0019650014643501,0.0108593084240668,0.3175370945840796,2.9872308761899813,1127.0171204761598,306.3165797917636,783.9489649558498,343.06815552031003,3.044036770048048,1.6958,0.8715,0.0718892317216534,0.1459279370651247,0.0059240184536961,0.2460838582845702,0.2925696212118717,0.0763511800289121,0.1612541532341716,38.76,142.249,93.024
Patzutzún,396.60714586809127,0.7181867184665928,0.1515023411601636,0.3616467772451982,0.0921445638337555,0.1676617754863358,0.0528747851341527,0.2484117455820541,0.5053318108525274,0.3208900408028797,0.1058184730237946,0.0020600589763842,0.6934273207208503,0.7103064492597925,0.6866901240855302,0.6707606626310517,0.7394237732243095,0.652713222454389,0.6829446228417847,0.7660433993550091,0.7092813005801105,0.7212527929544947,0.687559513759332,0.3678674955297316,0.3481697310491251,0.339642829084839,0.3899053364018892,0.3252776671805008,0.3360359174219677,0.4065619077877015,0.3532565670878416,0.3705973780523552,0.3369864910351714,0.1716656145977959,0.159877907252763,0.1546759767428828,0.1839136052523604,0.1464332587463096,0.1530947811182675,0.1946847511379165,0.1626358273438944,0.1732725778554075,0.1533840344784476,,,,,,,,,,,,,,,,,,,,,,,,,145.92198184222545,59.11550246574161,68.583331465846,27.784286158898432,251.700826479655,164.59999551803048,62.25883287018657,22.946710291398308,1.3570535950495115,0.0899817077636718,0.0,0.0899802490234375,1.030018385368796,0.0,1.0402550260656018,0.0,0.1651409159581801,1.5508463331992952,2.4294998046875,0.0899816833496093,0.449903173828125,2.969366088867188,0.9012174381989124,5.925333306932636,1.7096405456542971,3.0593573730468746,0.9897986389160156,0.0,0.0,0.0,3.232631932492724,0.0,1.0601500747470998,0.6197290077761314,4.4662,8.4858,0.9448479788030122,84.88011805517493,84.32616650816061,75.94672245016676,58.041806446367815,38.15123824837168,29.867538472235974,46.50336643008162,39.41136807295246,29.73282529421306,36.54438359101815,63.03547196839054,83.99951515855916,6.570785977128148,6.771129255232975,6.998704859661692,7.283002982195958,6.931326728622896,6.616427803529746,6.801861713458941,6.615719317291031,6.395989420610679,6.355931259805122,6.409423419256025,6.443320606562453,17.257663630465963,17.369590983213435,17.545611157492814,18.899199078542544,20.340563034135933,21.216012202002798,21.513665598995185,20.819045446311986,19.48134644962658,18.433890828700367,17.34213633207842,17.262958416796536,2.6468666063515705,2.4595112236481365,1.0376598353314042,0.4240918853721809,0.0290641243670003,0.0039288981747446,0.1308882223348489,0.0376262488700366,0.0036913378823738,0.0206856759911412,0.6132323594780926,2.4083347389834238,6.732825825185584,6.858343805837331,7.008458411935948,7.418713008505,7.485554218446881,7.435646023877427,7.598097410596175,7.373609917903967,7.025534106210677,6.827030655517065,6.662716126328851,6.666259746612315,3.848185639610808,3.2945353491271403,0.5508636434323346,0.231826392586819,0.0159651398044059,0.0021494458508386,0.0723992434508781,0.0204960746358575,0.0019618648089743,0.0108368639063575,0.317361235856344,2.971594852565389,1116.8624756404988,339.0477153238529,776.8854313468414,339.9770442936569,3.044036770048048,1.8599,0.9558,0.1161197623185196,0.2401818866994457,0.0538712540787878,0.1119431907684998,0.2043251671253721,0.1597098814271604,0.1138488575822142,68.583,251.7,164.599
Pujujil,1095.0211775878238,0.7112168184718479,0.1462018690220232,0.3625208950643583,0.0891182776503163,0.167920982352873,0.0509872162960242,0.2235111160571779,0.4820967004364005,0.3145364779593297,0.1022664294799015,-0.0013049928815003,0.7144929012178108,0.7221488550146485,0.6929543020081638,0.7022273940846081,0.7564807818304508,0.6785842812270599,0.6714627020699581,0.7615079693916146,0.7084908042873184,0.7178531170846982,0.6744941255120664,0.3885522793286851,0.3644390545385568,0.3637155650551594,0.4087194350457984,0.3530762321011435,0.3390217734779292,0.4037249754829587,0.3619881752627495,0.3730433982318574,0.3330052974993192,0.1843716018187919,0.1689358130721535,0.1686631144538522,0.1957523611768921,0.1624671824657267,0.1545611988554043,0.1929926986003241,0.1674960936305726,0.1743344395783711,0.1510000313354371,,,,,,,,,,,,,,,,,,,,,,,,,93.13219770642576,46.7134764258888,43.77213292201993,21.95533392016778,160.64372782381326,105.0531190128475,69.99349489475026,22.72804402522224,2.92647214763618,0.0899837951660156,0.0,0.0899844299316406,0.8998330444335939,1.2869489269062115,0.3599317626953124,0.6298812011718751,0.2699493041992187,0.0899827026367187,0.179968017578125,0.6298812316894531,1.6196927246093749,0.0,0.0,0.0,0.1799683837890625,0.0,0.0,0.0,0.0,0.0,0.3599321960449219,1.709679284667969,1.1094563358982457,0.6250319190489826,4.2155,8.0094,0.6174999794681235,84.58683788314104,83.06347112885169,72.56631813938176,54.22279881400506,35.727816362518226,29.14346776070717,46.0710675939801,38.45704697718145,29.165114517030545,35.60307299851281,62.134581969805865,82.5926660022091,6.572999071705937,6.766860913166603,6.971360435088947,7.212825366447725,6.8687135832056585,6.592159060321713,6.7876522416669145,6.594848222068964,6.382341170331779,6.346752893955006,6.406008079056611,6.4431053202093285,17.23451749690887,17.341270372694044,17.505478992216055,18.8462150630951,20.290542194120352,21.17688966560365,21.479390158253334,20.780968903572337,19.445570166778573,18.40069460407381,17.314383016204843,17.237757096670215,2.515140111936938,2.0415919052263383,0.8344740683990106,0.3040323047075774,0.0162359503051873,0.0031650343425671,0.1219652191215874,0.0306993795927024,0.0031163896287014,0.0165019113596901,0.5802414710127418,1.961978812668944,6.729581872090177,6.850634417660176,6.986742003142002,7.372060935286764,7.440537579721067,7.414311280872086,7.583887643334534,7.354674619331046,7.011484410180148,6.816044348744651,6.655749385852179,6.661445563607371,3.247496038029555,1.710310204395056,0.442228734012424,0.1655742551998449,0.0088840110034243,0.0017287136560588,0.0673958874743925,0.016698518200073,0.001654472582146,0.0086373011708481,0.3001270805382648,1.4392645373553945,1117.3506535294298,322.9023004107053,777.2250060913497,340.1256474380797,3.044036770048048,1.8668,0.9593,0.0860475052452805,0.2112550281758973,0.0505238488440653,0.1608595823763749,0.1591932536975711,0.198340010615083,0.133780771045728,43.772,160.643,105.053
Pujujilito,1300.010001162695,0.7292921684781892,0.130805666343106,0.3698375153894798,0.0892072978535204,0.172121446452341,0.0518491027130116,0.233348119335396,0.4945112984110977,0.3267558530787009,0.0941635663922799,-0.0012280515483017,0.7321339962265516,0.7408621643178263,0.7224560325238715,0.712114829856424,0.7668757426731985,0.6909826218010372,0.6958135379790807,0.7797786201666915,0.7280081535752063,0.7316782117410464,0.6975077279575534,0.3921238529839279,0.3751036781799948,0.3551312889184905,0.4095212831678301,0.3450520597700115,0.3477461470994731,0.4033141846563689,0.3665544485397597,0.3844106832641363,0.3468970374087246,0.1863087278463133,0.1752317997524811,0.1632760127243583,0.1961250796874008,0.157442475065941,0.1594791898876974,0.1925618745618852,0.1701235229283469,0.1810718547703237,0.1588846987921422,,,,,,,,,,,,,,,,,,,,,,,,,93.74679965742388,43.09995508865667,44.060995838989164,20.256978891668883,161.70385472909015,105.74639001357436,78.38678134299663,23.04,0.0,0.8998177062988282,2.6994073486328127,0.7198399963378906,2.519452947998047,0.5398750671386718,3.812352706609988,1.0197736229511336,0.9128439755667892,5.488810766601564,0.5868183649280025,0.2699400207519531,1.7995952331542968,0.0,0.1799609619140625,0.2699377380371093,0.0899811157226562,1.0797572814941403,2.9213421013805907,0.0,0.0,1.799599584960938,0.9897815551757811,1.619636242675781,1.1804157864085212,0.6367248457838773,4.2326,8.0419,0.9060680764427816,84.84537406266918,84.17657890224946,75.54625643425496,57.58938045507745,37.86414297269567,29.781760060417238,46.45215332754695,39.29831261212942,29.66557035893709,36.432869444170834,62.92874632395891,83.83285010170934,6.571048155579874,6.770623597984696,6.995465450478858,7.274689257682231,6.9239091434515165,6.613552760780364,6.800178361399955,6.613246783362285,6.394372554723979,6.354843927265387,6.4090188144937255,6.443295102255812,17.254921579800666,17.366235928308704,17.540856824324138,18.89292222653832,20.334637220336177,21.211377476436343,21.50960509382019,20.8145346363707,19.477108144341454,18.429958174911853,17.338848482811166,17.25997289455161,2.631261377048095,2.410001617981443,1.0135890476111904,0.4098687991610432,0.0275444103666462,0.0038384055953229,0.1298311418148109,0.0368056441472862,0.0036232255457018,0.0201900383692968,0.6093240312278422,2.3554563365628933,6.732441524122018,6.857430498527145,7.005885736329697,7.413186282061028,7.480221236855669,7.43311856303359,7.596414023533821,7.371366711801253,7.023869682290684,6.825729141822774,6.661890798188758,6.66568942528072,3.7770238052771408,3.1068571089846637,0.5379940025951327,0.2239777073214632,0.0151262604342548,0.0020996030124327,0.0718065113839774,0.0200461899013047,0.0019254490050992,0.0105762885300254,0.3153195589197076,2.7900644319481773,1103.0253583755868,308.8078543115796,767.2603834565158,335.7649749190708,3.044036770048048,1.8553,0.9534,0.052075975016434,0.2064813757906118,0.0652575384807339,0.1485932101299659,0.1809306206689509,0.1946891806077969,0.1519720993055066,44.061,161.704,105.746
Río Quiscab,1846.102596888338,0.6625763896085423,0.1786359753876483,0.3541140698065191,0.1079821909336118,0.1646872671691304,0.0597256222254848,0.2126494357167273,0.4563451971303854,0.2825274381837998,0.1133800538960674,-0.0014305108582378,0.6678234166896304,0.6791355842097045,0.6525067671579773,0.6324799859840464,0.6912782630403348,0.670122654651463,0.628834614696121,0.7076215017218539,0.6552436237288267,0.6737850880983552,0.6228530949869256,0.3896253752424188,0.3583590560920682,0.3409120282709453,0.3931111037459162,0.379203524198447,0.3346741307171108,0.3930478740599851,0.3464201720294927,0.3694653455790999,0.3247961651322457,0.1871727330253579,0.1679749139588117,0.1573444934233685,0.1889724147427625,0.1801261149372912,0.1536626209654596,0.1885073382889864,0.1601851309054174,0.1740166314634829,0.1478223219321204,,,,,,,,,,,,,,,,,,,,,,,,,92.98762526575533,57.7120116796106,43.70418387490505,27.124645489416647,160.39435482090096,104.89004129977236,61.601942575490106,22.810388884082663,2.531138971676784,0.5550982760320925,0.5748705487658932,0.269963671875,0.1799749389648437,0.0,2.5020323194316787,0.934121034414254,0.997986836894914,1.0798661376953127,1.2598287719726562,0.2699648681640625,1.2598299560546873,0.449945849609375,0.2699625305175781,0.7199152038574219,0.7199088928222657,0.5399366638183594,0.0,0.0052933195226332,0.0899888244628906,0.8098922180175782,1.5297998474121095,0.4499463134765625,1.031465924106478,0.6226745880075332,3.9963,7.593,0.6174999794681235,84.58683788314104,83.06347112885169,72.56631813938176,54.22279881400506,35.727816362518226,29.14346776070717,46.0710675939801,38.45704697718145,29.165114517030545,35.60307299851281,62.134581969805865,82.5926660022091,6.572999071705937,6.766860913166603,6.971360435088947,7.212825366447725,6.8687135832056585,6.592159060321713,6.7876522416669145,6.594848222068964,6.382341170331779,6.346752893955006,6.406008079056611,6.4431053202093285,17.23451749690887,17.341270372694044,17.505478992216055,18.8462150630951,20.290542194120352,21.17688966560365,21.479390158253334,20.780968903572337,19.445570166778573,18.40069460407381,17.314383016204843,17.237757096670215,2.515140111936938,2.0415919052263383,0.8344740683990106,0.3040323047075774,0.0162359503051873,0.0031650343425671,0.1219652191215874,0.0306993795927024,0.0031163896287014,0.0165019113596901,0.5802414710127418,1.961978812668944,6.729581872090177,6.850634417660176,6.986742003142002,7.372060935286764,7.440537579721067,7.414311280872086,7.583887643334534,7.354674619331046,7.011484410180148,6.816044348744651,6.655749385852179,6.661445563607371,3.247496038029555,1.710310204395056,0.442228734012424,0.1655742551998449,0.0088840110034243,0.0017287136560588,0.0673958874743925,0.016698518200073,0.001654472582146,0.0086373011708481,0.3001270805382648,1.4392645373553945,1274.3638983957164,323.6135203244272,886.4428418818825,387.92105651383326,3.044036770048048,1.8604,0.956,0.133974535090035,0.1621033914330094,0.0599258431001774,0.1821636654981244,0.0693909587367464,0.2331416417507259,0.1592999643911812,43.704,160.394,104.89
San Antonio Chacayá,1802.6956325112249,0.8027886458825774,0.0845389062868638,0.4754694924690015,0.0872451722528435,0.2377060682602416,0.0530854471741666,0.3147216269378375,0.5892222724023447,0.3837117427911288,0.0635417242263809,0.00044761065248107896,0.7974513654883573,0.8039607242381465,0.8003761683022398,0.7784662424370136,0.803497307676011,0.8067747295817674,0.7814111475760015,0.8220951772685633,0.7982457508991491,0.8078260457806824,0.7920028404856699,0.4953345254070655,0.4757200698994402,0.4447867136539554,0.476832930944947,0.4807645686209574,0.4619913105880648,0.4873356418225917,0.4594977702564894,0.4832018882714755,0.4760110268991959,0.2519708936220354,0.2384692273952527,0.2183733810996248,0.2386167606973707,0.2413781262203615,0.2291332070449716,0.2460112900240626,0.2276399301169956,0.2428105936216869,0.2381659535037144,,,,,,,,,,,,,,,,,,,,,,,,,138.03727839193462,42.26579841722515,64.87752084420917,19.864925256096303,238.10050149824693,155.70605002610176,87.8111087578794,23.0300707156609,0.5597559983836192,5.939630639648436,1.9798966369628903,5.759746533203123,7.649639660644531,0.9899592773437502,4.769737866210937,5.1297014160156245,0.4499697814941407,9.780405425020104,0.8099532592773437,6.479585998535155,8.493688001206344,3.329792175292969,4.248443334386489,3.8697402770996088,1.349909844970703,8.847363993877336,9.179431158447269,4.420702757855584,2.7898501708984367,3.9859128960822616,1.259923889160156,2.7898823547363283,1.3644991100454469,0.7929606814228415,4.596,8.7324,0.22249909661654824,81.2197816719732,82.01737480785515,66.54513357666002,46.699192041828255,28.312238040710987,23.98612331573274,34.067371383150686,29.323753394691856,24.34662704551849,25.68816232715429,39.88256126632711,76.75190474755026,6.833651755291397,7.107211033004141,7.257205269258132,7.445647324807137,6.906347300180733,6.670879929397654,6.8618644858701705,6.640423517314336,6.435430740324098,6.362841440815658,6.453990891086907,6.6134538996403816,18.379248610621204,18.485304213299862,18.60820043812544,19.90320602132564,21.28590151026133,22.1676104081338,22.54506285396376,21.804426748071755,20.4384430697391,19.388777223914108,18.35535219537837,18.354337706573503,1.4560028937239589,1.5782981056367442,0.6115438276959403,0.1158091291670708,0.0024329760415937,0.0006249374600376994,0.0127191770746544,0.003546796722984,0.0006986729990103522,0.0012646085171835,0.0475809812906432,0.98796722244848,7.083195674429192,7.247825740166129,7.349058583336482,7.694829910102399,7.626443492845022,7.613700392021771,7.793454126111953,7.539992630818759,7.201715951183699,6.990365439048794,6.869350199507493,6.958535568540749,0.8325465803269162,0.8816554005435724,0.332409659964812,0.0644189785142756,0.0013467317435341,0.000345711185885627,0.0071174665800051,0.0019515377083985,0.0003756906261726178,0.0006691117610458457,0.0249332768722746,0.5222190135716864,2381.781668941953,368.16803220606175,1656.7585710933822,725.0230978485722,3.044036770048048,1.5404,0.7916,0.0191389346120132,0.2647884041659142,0.3574258229229031,0.036968627921796,0.084077538995761,0.2154730589657681,0.0221276124158439,64.878,238.102,155.707
San Buenaventura,819.6648738849096,0.6225963236170708,0.149767664164854,0.3331149566373057,0.0849165928962271,0.1516025327749402,0.0476357260717752,0.1722350539989757,0.3995677196243024,0.2490694961019146,0.1022930428,-0.0018220288956089,0.6290093212748687,0.6398539414031835,0.6178431834580899,0.585841723844657,0.648931332859629,0.6229700563508568,0.5884157870419635,0.6926191696153988,0.6022778758392372,0.6399382950854271,0.5694105469478336,0.364326344994207,0.3345557321210257,0.3134076519278335,0.3667795372868626,0.3475060330903893,0.3151942696369878,0.3946146342549276,0.3178648867501483,0.352597659052814,0.2944641289570017,0.1708467336448969,0.15297169566192,0.1404576958373145,0.1718018487829556,0.1600324234943695,0.1421550069493004,0.1877912638975038,0.1431735736195591,0.1630840118733404,0.1301833282366437,,,,,,,,,,,,,,,,,,,,,,,,,63.556358119812494,50.82002394806771,29.871488316311837,23.885411255591663,109.62836212086496,71.69157195914843,42.60667876797186,21.903066441251053,5.002439154616862,0.0,0.1799708129882812,0.3599368286132812,0.2699535339355469,0.0,0.8098657409667969,0.834915615162569,0.1273894631539139,0.989836572265625,0.4375734446806065,0.089984326171875,0.0,0.0,0.0,0.0,0.0,0.7198842712402345,0.0899855163574218,0.0,0.0,0.0,0.0,0.7198833984375,0.8972675862126659,0.5664774709421391,3.9613,7.5265,0.6174999794681235,84.58683788314104,83.06347112885169,72.56631813938176,54.22279881400506,35.727816362518226,29.14346776070717,46.0710675939801,38.45704697718145,29.165114517030545,35.60307299851281,62.134581969805865,82.5926660022091,6.572999071705937,6.766860913166603,6.971360435088947,7.212825366447725,6.8687135832056585,6.592159060321713,6.7876522416669145,6.594848222068964,6.382341170331779,6.346752893955006,6.406008079056611,6.4431053202093285,17.23451749690887,17.341270372694044,17.505478992216055,18.8462150630951,20.290542194120352,21.17688966560365,21.479390158253334,20.780968903572337,19.445570166778573,18.40069460407381,17.314383016204843,17.237757096670215,2.515140111936938,2.0415919052263383,0.8344740683990106,0.3040323047075774,0.0162359503051873,0.0031650343425671,0.1219652191215874,0.0306993795927024,0.0031163896287014,0.0165019113596901,0.5802414710127418,1.961978812668944,6.729581872090177,6.850634417660176,6.986742003142002,7.372060935286764,7.440537579721067,7.414311280872086,7.583887643334534,7.354674619331046,7.011484410180148,6.816044348744651,6.655749385852179,6.661445563607371,3.247496038029555,1.710310204395056,0.442228734012424,0.1655742551998449,0.0088840110034243,0.0017287136560588,0.0673958874743925,0.016698518200073,0.001654472582146,0.0086373011708481,0.3001270805382648,1.4392645373553945,1258.391780686281,320.83624307163745,875.332695532753,383.0590851535275,3.044036770048048,1.713,0.8803,0.1440974615288555,0.1175616296650299,0.0217032001925447,0.3515985839144748,0.0511514012860227,0.1736688117663173,0.1402189116467546,29.871,109.627,71.69
San Francisco,577.0695414880676,0.6736182581438326,0.1359213163362699,0.354000189945264,0.0829257324366888,0.1635965581498729,0.0474083050331056,0.2188509949772996,0.463485945915879,0.2842361016271383,0.0931589997066297,0.00024167907295597773,0.6571115426548382,0.6867230913602428,0.6617058763560674,0.5946793578720517,0.6584600947957994,0.641699297718496,0.6504941844722396,0.72753982971068,0.6667507553446852,0.6856506181019286,0.6083873061161222,0.3850600035221689,0.355313340509337,0.3121629587775855,0.3622769068963888,0.3482398974620208,0.3460670374385511,0.4091457765914476,0.3471559684635072,0.3651877762735318,0.3085256001422288,0.1831667999902318,0.165082626412393,0.1402332787263893,0.1694438823881359,0.1604357341865809,0.15935946908966,0.197079901464139,0.1595699498328352,0.1703486938356722,0.1375552674187455,,,,,,,,,,,,,,,,,,,,,,,,,76.68476513936746,47.70917430482802,36.041839615502674,22.42331192326901,132.27355138889456,86.50041507720638,51.44092710443569,22.50593229553407,3.2513875296207173,0.0042344433593749,0.0899820861816406,0.5398995483398437,0.2699493530273437,0.0,3.2393774047851567,0.989803845214844,0.1799641418457031,2.519509796142578,0.4499138305664062,0.6468147540163526,2.219233676662071,0.0,0.0,0.0899828857421875,0.17996455078125,0.6298807312011718,0.9898089050292967,0.0,0.0,0.0,0.0,0.0,0.8832654755184253,0.5651317936723752,3.5904,6.8218,0.6174999794681235,84.58683788314104,83.06347112885169,72.56631813938176,54.22279881400506,35.727816362518226,29.14346776070717,46.0710675939801,38.45704697718145,29.165114517030545,35.60307299851281,62.134581969805865,82.5926660022091,6.572999071705937,6.766860913166603,6.971360435088947,7.212825366447725,6.8687135832056585,6.592159060321713,6.7876522416669145,6.594848222068964,6.382341170331779,6.346752893955006,6.406008079056611,6.4431053202093285,17.23451749690887,17.341270372694044,17.505478992216055,18.8462150630951,20.290542194120352,21.17688966560365,21.479390158253334,20.780968903572337,19.445570166778573,18.40069460407381,17.314383016204843,17.237757096670215,2.515140111936938,2.0415919052263383,0.8344740683990106,0.3040323047075774,0.0162359503051873,0.0031650343425671,0.1219652191215874,0.0306993795927024,0.0031163896287014,0.0165019113596901,0.5802414710127418,1.961978812668944,6.729581872090177,6.850634417660176,6.986742003142002,7.372060935286764,7.440537579721067,7.414311280872086,7.583887643334534,7.354674619331046,7.011484410180148,6.816044348744651,6.655749385852179,6.661445563607371,3.247496038029555,1.710310204395056,0.442228734012424,0.1655742551998449,0.0088840110034243,0.0017287136560588,0.0673958874743925,0.016698518200073,0.001654472582146,0.0086373011708481,0.3001270805382648,1.4392645373553945,1134.808452191745,318.0236708053171,789.3685866484467,345.43986554329825,3.044036770048048,1.7494,0.899,0.0708294667275503,0.0822825985554852,0.0286638237907957,0.2689782831779326,0.1558634928584405,0.2700775039648053,0.1233048309249903,36.042,132.274,86.501
San Juan La Laguna,1870.3079979833356,0.7551143449161476,0.1386251978119577,0.4159594231386634,0.1010804269503149,0.2007370629797079,0.0594819621881217,0.2660292476759491,0.5302876975380815,0.3489911362477286,0.0972096858662479,-0.0018456100236365,0.7653574873099672,0.7798865100688978,0.7512834227510636,0.7407166876434552,0.7762209067058666,0.7638780600186955,0.7276292242915411,0.7870144669260174,0.7430494784335148,0.7709759448394625,0.7298677203575187,0.4529064236557492,0.4165647445963628,0.4046558865478957,0.4363069210057334,0.4171524577185355,0.3975576668447451,0.4354222579183251,0.4001880388319698,0.4342481967802352,0.4021581663203287,0.2247190429178824,0.2015116290594629,0.1943971693282563,0.2132318053225751,0.2013147099268956,0.1895125802340737,0.2131369530721612,0.1913068879174662,0.2123224959314314,0.1923547696949414,,,,,,,,,,,,,,,,,,,,,,,,,120.0154764107165,47.978835657178855,56.4072739130368,22.55005275887324,207.0146952608449,135.37745739128783,78.29059109516243,22.88471197840841,2.0286756740423035,2.699891625976563,1.6199443176269528,0.1799934936523437,2.6998964782714845,0.0899973205566406,8.367268670103783,4.428542032733993,2.339909027099609,3.7798517883300784,1.948169881663603,0.8099693664550781,4.311716883209827,0.35998896484375,1.2408955892405789,0.1799921142578125,2.339924487304687,9.6917889113961,2.3399221557617187,1.3499465209960937,0.539979736328125,0.6299764282226562,0.0,0.6299764892578126,1.3793076964837192,0.7403517652762962,4.3021,8.174,0.2973703089595138,83.00544415187896,80.97140283480536,65.45330634020256,46.22517180224023,29.738832907205094,25.970283179099724,40.68396345324624,33.62780749517671,26.38102420520605,30.27925492985324,50.50140633219098,79.7974815443642,6.680122747757371,6.880816867501775,7.020414034872068,7.174096368981135,6.803259186045511,6.607963347314547,6.863629144497172,6.632073077919733,6.404201784453262,6.360781968888079,6.445322632903849,6.525168295623772,17.729867698521776,17.819785983891038,17.949498564418676,19.25928552207948,20.69976755954374,21.6028303491974,21.95643339477048,21.234383652816287,19.879564883575448,18.835788165061714,17.779486229095465,17.72971552165504,1.9257972132860837,1.5325630073717904,0.6137560345630312,0.1233207372650068,0.0041184247660591,0.0012146297693196,0.0473259614210802,0.0103619500027144,0.0013464416505346,0.0043795537142354,0.2092619967993745,1.3609324163247198,6.8798770287345015,7.002186368746795,7.099192312518338,7.429327408982659,7.469182800502712,7.488988027363153,7.705424486696327,7.448335876171374,7.09458600180191,6.897986568940488,6.762174999543811,6.796734235481143,1.3318035382763669,0.9828526826475652,0.3279288319657169,0.0675192784386635,0.0022609470968678,0.0006669525461915329,0.0263667727834181,0.005673358846541,0.0007191247483817276,0.0023061368649361,0.109090766652443,0.7112553166470734,2034.4455177452603,355.7648917164368,1415.152821477658,619.2926962676007,3.044036770048048,1.8372,0.9441,0.0711302752960801,0.2757163463250293,0.1497772343421991,0.1047328137866979,0.1112191921648306,0.2067345607603652,0.0806895773247969,56.407,207.014,135.377
San Marcos La Laguna,742.671810272815,0.7629262175018515,0.1013847824888512,0.4344965804328323,0.0892122025396444,0.2115992250756554,0.0526498493593667,0.2841829111736809,0.5596617986421586,0.3509613026079984,0.0739058926656155,-0.0017360034474803,0.7700472948800113,0.78604680997996,0.7440361897046565,0.7367914631400522,0.795908719105073,0.7790977072862093,0.7207882971852838,0.802127809165168,0.7580954670657445,0.7828884050359893,0.7165719259953597,0.4679199716045538,0.426110517212097,0.41881950279354,0.4745373820771403,0.4626696971213921,0.4052516691644432,0.469153940327832,0.4266640306377918,0.4559110324334834,0.3932434453552296,0.2337742212163685,0.2068232370392263,0.2019992174627086,0.2380494571898621,0.2301495906213803,0.1940888153391838,0.2336644102841245,0.2066456581141995,0.2251919630743572,0.1863160156846043,,,,,,,,,,,,,,,,,,,,,,,,,129.55509010726777,53.53446122411743,60.89089235041569,25.16119677533561,223.469574926026,146.13814164099784,81.94810358079987,22.95917867146244,1.961146586039634,0.0,0.1203452281278722,0.0,0.2699855834960937,0.7199583984375,0.5399675231933594,0.0,0.5399673828125,0.0847019761029411,0.1799886901855468,0.1799881103515625,0.2071644039139093,0.6299642883300781,0.0,0.0,0.0,2.4154151395431223,0.0,0.0,0.0,0.0,0.0,0.0,1.4697838427296663,0.6893572425224485,4.5935,8.7276,0.5643455124563638,84.32328377734714,83.01499056158505,72.13839308389939,53.38308993974589,34.88964227012401,28.59249839482296,44.89983146926216,37.55978248491922,28.660157971227807,34.58734446368144,59.65572674380774,82.17001809799926,6.59550862610721,6.792608468223886,6.9896735099651055,7.223329609563658,6.8687788452639325,6.601282976825618,6.806516545940464,6.6073959820586605,6.390768114553044,6.352252474861999,6.415511062442009,6.460294465446544,17.350007337508668,17.45414614652493,17.613527024915147,18.950377477645883,20.39215093908003,21.279554619216928,21.5925763076044,20.88953838520666,19.5498332649231,18.50483945428172,17.42448103866578,17.353115627844364,2.4137319267864927,2.0100664934559718,0.8152081476335873,0.2798405347824424,0.0139624080259486,0.0027766861541934,0.105140073499541,0.02645494794561,0.0027597464048521,0.0138763110910381,0.4996491857382601,1.8605417155445825,6.763319091105058,6.885799506540957,7.017367045241245,7.3973499330493375,7.457472263339666,7.435726428027611,7.613254619743187,7.379397180610686,7.033401820583488,6.836924769586199,6.6810592987189175,6.6920612680287945,2.9121230565418603,1.64276558276138,0.4329034977652648,0.1525975073338029,0.0076445323211726,0.0015179036082477,0.0581588905769009,0.0144026338472332,0.0014665451736822,0.0072678331447954,0.2586924253801927,1.2826057410218314,1645.551604633641,369.6269312487448,1144.6396454820044,500.9119591516372,3.044036770048048,1.7239,0.8859,0.0276242540559515,0.2375564704445903,0.2217042055218938,0.078688989026419,0.0649343340303109,0.2806075533035211,0.0888841936173135,60.891,223.47,146.138
San Pablo La Laguna,1051.8196728410023,0.7555153489440842,0.1098347400105046,0.4401390717196264,0.0942082399812763,0.2159356670883686,0.0556688872369044,0.2712496693884891,0.5412282209940541,0.3458436330419238,0.0759705348702256,-0.0025165763563312,0.767361811165313,0.7844537689812051,0.7465056174898738,0.737310931691505,0.782878629627068,0.7736816561122092,0.7054222610297204,0.7938814639051236,0.744565303447404,0.7778428560363313,0.7138296872977578,0.4826122505076711,0.4440051441673737,0.4344826783132789,0.4737806188994723,0.4720267264768526,0.3999469306717425,0.4839276769154768,0.4275013374000088,0.4633642654185831,0.4001033716395687,0.2441497587050876,0.2187018674692531,0.212952576332629,0.2380389909789152,0.2369203103984971,0.1914162325750106,0.2442769046581759,0.2080194948609041,0.2308107684344067,0.1908390244261042,,,,,,,,,,,,,,,,,,,,,,,,,121.69130777947228,45.77506641522917,57.19491465635207,21.514281215156892,209.9053367888117,137.26779517524517,76.32652450206211,22.941801212085984,1.7334412829443788,0.1799931030273437,0.0,0.0899964660644531,0.5399776123046875,3.8387838481828274,1.0799554260253907,1.1244201837038528,1.0799592041015629,0.2636385136144302,2.4299026611328123,0.1799935424804687,0.5128000186935125,0.0,0.0,0.0,0.3599847717285156,2.8713993072150727,4.017031469798368,0.2699883544921875,0.0,0.0,0.0,0.0,1.3926213116367718,0.688184371020569,4.5726,8.6879,0.49020463382898566,83.98465563803903,82.536622585997,70.55159151847306,51.59614330430907,33.586238462377395,27.927502968382587,43.81778016086825,36.54492673625584,28.08152625733856,33.483910567848696,57.27487677253683,81.55703352204483,6.615508188900984,6.812871130926869,6.995339336383246,7.209466305003227,6.852201877152183,6.602768844010112,6.820483126923129,6.613593967498118,6.394162082732559,6.354368091802096,6.422842019164074,6.475912755568417,17.441135105884122,17.541281928544805,17.69291220576931,19.023206598992196,20.46513459387877,21.356440653952244,21.67953436524983,20.97181570981104,19.628399711161656,18.583872928840048,17.509766323721006,17.443836651041238,2.2845586484378626,1.893443748979988,0.7660108243125059,0.2372177959413721,0.0110243165370744,0.0023353759914346,0.0894785026370601,0.021844412773222,0.0023669109221779,0.0111265941285543,0.4219519719122561,1.7229967625284075,6.791113736613429,6.913142664819223,7.035917292405693,7.403779397223071,7.459729850524912,7.448349897479456,7.635481710969735,7.39605219490525,7.048109431617476,6.851559953475433,6.7006352769315445,6.717259470433016,2.4841518561862546,1.46749192751045,0.4073311351092984,0.1294588685828705,0.0060380201910166,0.0012774822786773,0.0495436177110802,0.0119017083528286,0.0012587850363464,0.0058311502093466,0.2186660457060702,1.099505009073589,1691.660106372846,372.1611856976374,1176.7125497506122,514.9475566222333,3.044036770048048,1.6419,0.8438,0.0302727929112368,0.1420901371036615,0.225214788552154,0.0982740133466601,0.0507285568418472,0.3890676735483418,0.0643520376960981,57.195,209.906,137.268
San Pedro La Laguna,1136.0023631417678,0.7568789407542388,0.1441498851681255,0.3731654791800077,0.0877849552158754,0.1738968152384257,0.0487132510433681,0.2895497766118715,0.5508471166835109,0.351239395970919,0.0949709566266749,-0.0019733770998347,0.7647793198112999,0.7762162863172065,0.7486154384413383,0.754539234285884,0.7649010757034882,0.759140361048062,0.7297318453062769,0.7874871038190482,0.7435635044886715,0.767995454020843,0.7268009251896393,0.4303002782271038,0.369997686230643,0.367244686378566,0.3885879502544864,0.3777088100551379,0.3578050227193278,0.3863772686395225,0.3549041761810423,0.4010902177343839,0.3548434960647591,0.2097390491032966,0.1722254038355497,0.1711572139916987,0.1832966511356324,0.1768379168973347,0.1648207173561542,0.1826776721962514,0.1632461768006756,0.191140887577175,0.163041272357182,,,,,,,,,,,,,,,,,,,,,,,,,126.60185637983228,51.96994688308662,59.50287249852112,24.425875035050044,218.37554206957284,142.80689399645124,88.79229396580102,23.003900819093687,1.207531144285421,0.5399673095703125,0.0,0.0899953247070312,0.2699851562499999,0.1799894653320312,0.0899956726074218,0.8099507324218751,0.0899955017089843,0.6299684875488281,0.1799886413574218,0.0,0.9627728757611442,0.0,0.8099568176269532,0.4499782897949218,0.0,0.0,1.4399281738281249,0.0,1.3499356506347655,0.0,0.0899953491210937,0.0,1.5705634317319015,0.7501263832186185,4.2607,8.0953,0.40488211142108427,83.53262145996544,82.86954885978513,70.85461791745229,50.86396331696838,32.375119992941336,26.93959029717033,41.386123095108346,34.86798900813253,27.145288333819614,31.54015885918735,52.21916106581335,80.90207438536976,6.663037289311031,6.869851133395731,7.0446127345935805,7.254842338911455,6.868974631438758,6.628654726337337,6.863109458761112,6.645039262027747,6.4160489472168365,6.3687512175829735,6.444020012598204,6.511861901158189,17.696476859308067,17.792773468017586,17.937671123012425,19.262864721298225,20.696977173959063,21.58754948005677,21.93213475565757,21.215246830109635,19.862622559356694,18.817274004905464,17.75477510604859,17.699191221366814,2.109507371335157,1.915490258144871,0.7574103853373173,0.2072652250070374,0.0071417811882323,0.0016116415890723,0.0546646366334019,0.0137216530043329,0.0016898167333042,0.0059995102850823,0.2578723299148148,1.5562304241714966,6.864530748149699,6.991294773183301,7.109242171538973,7.473216926337057,7.508276314195458,7.4999718694941855,7.701355548969143,7.453564864449608,7.099154051793506,6.899566032110843,6.756989037319137,6.783908381293065,1.9060041120787763,1.4401317178603517,0.4049277890237871,0.113667263735677,0.0039260962744174,0.0008854734648143528,0.0304478998844263,0.0075149807887139,0.0009027629482908027,0.0031594290666373,0.1343884599059762,0.8126293520211432,1992.7547656746929,339.43097712099666,1386.1528876344678,606.6018780402239,3.044036770048048,1.7482,0.8984,0.0567725797871842,0.2326289781340988,0.0268392507360245,0.0877663704275583,0.2851700012534711,0.1428261847017891,0.1679966349598732,59.503,218.376,142.807
Santa Cruz La Laguna,537.8934211169395,0.6974319529176186,0.1172587308038538,0.3851942683225771,0.1030708763348311,0.1827217736767405,0.0567936865274225,0.2073974296358823,0.4737720950404684,0.2996235393740062,0.0780736763124054,-0.0023924861958161,0.7016968247276534,0.7372504486401397,0.6608988299959663,0.6529291343919007,0.7303900664330929,0.7062189674952026,0.6264056452869255,0.7702741546425331,0.6754390024775663,0.7155518646691663,0.6339482544323137,0.4352123633464508,0.3654819415270222,0.3610386847686348,0.4307778717082426,0.4129879682388085,0.3349532009563443,0.4577721932704449,0.3683852448547121,0.3985191048326701,0.3353875874206528,0.2143292033622967,0.1716966473343988,0.1691640362314116,0.2120675182616092,0.2004799562732701,0.1535194654838496,0.2284725882826034,0.172677544636924,0.1907097912616602,0.152986979282964,,,,,,,,,,,,,,,,,,,,,,,,,107.27774808933508,49.24893714064947,50.42054160198767,23.14700045610477,185.04338767929477,121.0092998447703,66.57079921256963,22.89752184858243,1.9847611983473887,0.0899899047851562,1.0565832676786535,0.0,0.0,0.0,0.8293152839211856,0.1799795776367187,0.0899895690917968,0.2699687927246094,0.0,0.5399359619140625,0.0,0.0,0.0,0.0,0.0007058041800704657,0.1799790893554687,0.4499434448242188,0.0,0.0,0.0,0.0,0.0,1.3902751587786972,0.630366340379913,3.8348,7.2861,0.6174999794681235,84.58683788314104,83.06347112885169,72.56631813938176,54.22279881400506,35.727816362518226,29.14346776070717,46.0710675939801,38.45704697718145,29.165114517030545,35.60307299851281,62.134581969805865,82.5926660022091,6.572999071705937,6.766860913166603,6.971360435088947,7.212825366447725,6.8687135832056585,6.592159060321713,6.7876522416669145,6.594848222068964,6.382341170331779,6.346752893955006,6.406008079056611,6.4431053202093285,17.23451749690887,17.341270372694044,17.505478992216055,18.8462150630951,20.290542194120352,21.17688966560365,21.479390158253334,20.780968903572337,19.445570166778573,18.40069460407381,17.314383016204843,17.237757096670215,2.515140111936938,2.0415919052263383,0.8344740683990106,0.3040323047075774,0.0162359503051873,0.0031650343425671,0.1219652191215874,0.0306993795927024,0.0031163896287014,0.0165019113596901,0.5802414710127418,1.961978812668944,6.729581872090177,6.850634417660176,6.986742003142002,7.372060935286764,7.440537579721067,7.414311280872086,7.583887643334534,7.354674619331046,7.011484410180148,6.816044348744651,6.655749385852179,6.661445563607371,3.247496038029555,1.710310204395056,0.442228734012424,0.1655742551998449,0.0088840110034243,0.0017287136560588,0.0673958874743925,0.016698518200073,0.001654472582146,0.0086373011708481,0.3001270805382648,1.4392645373553945,1467.6179877564136,310.82272134598105,1020.8696758449692,446.74831191144506,3.044036770048048,1.619,0.832,0.0311190545023025,0.070002232432436,0.0678382875992,0.1955953251942843,0.0576797322134732,0.4169604279948345,0.1608049400634696,50.421,185.045,121.01
Santiago Atitlán,785.8220329214801,0.7337106378696199,0.1770690930456076,0.345702670348931,0.1030986972674292,0.1586934958486486,0.0560382995994467,0.2696246238223718,0.5137055519370655,0.3375538876243968,0.1150664628382795,0.0006615824903379848,0.7256291454766485,0.7394384719091658,0.7324186594703709,0.6971368141508254,0.7304784995606475,0.7208037562648691,0.7185786220093633,0.7597387807832386,0.7277589012032942,0.7425098118063618,0.7172003496735228,0.3470000317931861,0.3545525772633693,0.3096110818040093,0.3580908627045171,0.3506493239665207,0.3456036171335467,0.3546040221959388,0.3412779575968578,0.3613270928701464,0.3315506500487897,0.1596759283463515,0.1637867533864724,0.1378927605817312,0.1663814627710763,0.1612317181492111,0.1582905570393205,0.1641236005597083,0.1564308888275681,0.1683155068315379,0.150429124469264,,,,,,,,,,,,,,,,,,,,,,,,,126.67903830534128,55.59007157268968,59.53914800351,26.127333639164327,218.5086731728816,142.893955208424,84.55054913685602,23.04,0.0,0.0,0.0,0.0899895202636718,0.0899903686523437,0.0,0.0,0.6736886716356464,0.0,0.089990673828125,0.0899905212402343,0.0,0.9898842712402344,0.0,0.3599563781738281,0.0,0.0,0.5399313964843749,0.0,1.025178682789522,0.0,0.0,0.0,0.0,1.559871007406508,0.6657797860493607,3.7512,7.1273,0.2521045330552622,81.45476148391411,82.81310951779909,68.87077999891706,48.03003062599966,29.055877925647824,24.17725230174629,33.86090610397536,29.424357957483007,24.31240011029116,26.01237782599458,40.2275896550721,76.53904940456798,6.82033843984218,7.098919949059108,7.256593911512081,7.449292631725824,6.9107460272304095,6.670127181147419,6.853020979053054,6.637938551758792,6.432467998397963,6.365209166391225,6.453221540390607,6.602655007545901,18.314377834152275,18.42484944759165,18.55143029296294,19.84767885482096,21.23118754012705,22.112407075049667,22.48319600560029,21.74539985831253,20.37995957551437,19.332363950321056,18.295669526325582,18.289293045030483,1.5019660884373125,1.7650682339991823,0.6639556855442966,0.1399341150925283,0.0029166496159539,0.0006406626320918967,0.010529042909949,0.0032665732367508,0.0006644508712471664,0.0011927576233494,0.0420275781600147,0.9667958620919168,7.064006778426801,7.231882733325594,7.337648370827105,7.686364824887641,7.620360389397566,7.605092216902767,7.778594467931866,7.52963588000831,7.190832448104342,6.982686678403272,6.858532954609219,6.940903125254213,0.8002856277030184,1.2431187118352771,0.3606628021625601,0.0778393783274433,0.0016152953254811,0.00035448134465938883,0.0058944216956216,0.0017981236620782,0.0003572677013406078,0.0006317837460985607,0.0220598824866141,0.510636620672954,2279.400352131363,302.45893623335814,1585.5425035765302,693.8578485548338,3.044036770048047,1.6173,0.8311,0.1084311553014083,0.3229049000083844,0.0176755679323646,0.0611930839320149,0.2999085863061566,0.0361458219704789,0.1537408845491926,59.539,218.508,142.894
Tolimán,1522.7720565993593,0.7509121418585731,0.1396989886308568,0.422443304332083,0.0995536207183175,0.2043960704603057,0.057388313994246,0.2812337718668312,0.5331832584215151,0.3457854766970045,0.0944754069446461,-0.0024895807407999,0.7630583998392974,0.7712956945608026,0.7571564277314983,0.7453596700046485,0.753713418149898,0.7476227194517193,0.7425529867026444,0.7795543371005814,0.7494820443533857,0.7542147879635087,0.7176007790382765,0.4534966994879536,0.4252797004258253,0.4051119721230835,0.4394436909511306,0.4176726167784789,0.4211642321992187,0.4420131337404449,0.4182373730164244,0.4360371568252741,0.3846082316567306,0.224225409963562,0.2062970923484271,0.1934586620727331,0.215747523611271,0.2015891889005473,0.2037783740392438,0.2167427461750162,0.2020603684687151,0.2133914831918608,0.1811328709680971,,,,,,,,,,,,,,,,,,,,,,,,,128.0038507558891,51.553791868291896,60.16180985526808,24.230282178096665,220.79384216883412,144.38834365264302,82.04350848898846,23.04,0.0,1.1482700089278877,0.0899857788085937,7.1987186035156245,3.684760463125192,2.7912622556439564,6.118892175292972,9.792317740765736,5.399036920166016,3.2853036411659398,0.6298896057128905,11.144929680199713,9.260897924134502,0.4499187805175781,3.78002694400563,1.8896703247070312,2.481437244298597,13.04804755866556,10.978075811767582,2.7895019592285157,0.9898176025390624,2.9963044178442857,1.0664009524835325,3.0594771179199216,1.3101485436918447,0.7684211015475473,4.2378,8.0518,0.315544089017275,82.20247366439705,83.37528664000715,71.02714027141398,49.74339419913659,30.50310850635811,25.088032782222506,35.84291008525865,31.029699760365173,25.08839062089002,27.7949705876772,43.8486547881532,77.62424568116532,6.766806332960783,7.028581478181004,7.196349756907725,7.396918050827573,6.901977071796213,6.657906251705673,6.849797295623707,6.638236628121335,6.425800442527217,6.367834165476741,6.450096585059923,6.569618612816024,18.095464380488146,18.204967045744358,18.33924657369233,19.644517156471096,21.042865269414197,21.926388372177776,22.285207900658,21.555261937672263,20.1938115636785,19.14827124479265,18.10205003955923,18.07810558887869,1.7049763593473966,1.9357320647796672,0.7263093310180753,0.1754971404648415,0.0044410772785262,0.0009254832868369654,0.0214813483960755,0.0060247984134475,0.000930332991901947,0.0024999764482156,0.0991301639208536,1.1186101820165335,6.9945388292301365,7.153040550396108,7.265355708647021,7.620400044318271,7.58455259663874,7.569516310165822,7.746595682095356,7.501057811833427,7.157488127400922,6.953957455180703,6.8224499105983885,6.884492533915527,1.0901908326525538,1.5468531179149407,0.3925500598589037,0.0971632992919175,0.0024518014644741,0.0005103562671692533,0.0119842203365024,0.003306197745104,0.0004985683665928158,0.001319501030233,0.0517882989965829,0.5879128142823256,1898.0006159947172,347.67830591138284,1320.2422495285396,577.7583664661761,3.044036770048048,1.7321,0.8901,0.0603353956366004,0.3497136809787409,0.1992926920035352,0.0830418197888076,0.0503821463460017,0.1659129180815925,0.0913213471647205,60.162,220.795,144.389
Tzalá,632.7138634701049,0.6254026182051273,0.1612187946869496,0.3088184134205582,0.0780461971955275,0.1370129828364386,0.0423209840372482,0.1785774019377303,0.4003638073627333,0.2527679488764069,0.1079932257672776,-0.0007725157571595136,0.618661921944273,0.6550914015538863,0.6153067919343259,0.5750766608745793,0.6166890658697652,0.5730914844897346,0.5943704395551016,0.7012612990330326,0.6089493044133414,0.6385149392381284,0.5735046234086728,0.3463533954537365,0.3112722527304332,0.2894727075416604,0.3300876808072733,0.2957860847744257,0.2973024945339377,0.3762442747914484,0.2987479687943034,0.3191829006743686,0.2767786913432894,0.1585302993728013,0.1385567226240744,0.1269421870970513,0.149786297892268,0.1301630626832264,0.1308737924917208,0.1760633419324052,0.1316913796759787,0.1429902685193451,0.1197552429660893,,,,,,,,,,,,,,,,,,,,,,,,,80.99177627845877,58.40607461582184,38.06613485087565,27.450855069436013,139.7027149027139,91.35872364210162,45.17477298171417,22.171300253331832,4.339384805980038,2.3395009521484376,0.62987333984375,1.4397047241210938,0.182433662181181,0.0899811706542968,0.1799645202636718,1.144358537454044,3.280276200669233,3.4761288681449147,0.4499042663574219,0.359929296875,0.855353353319355,0.2000739246084176,0.0,0.9898031982421874,4.679059985351562,5.668846826171874,3.0399726716883047,0.0,0.0,0.0,0.8098402343750001,1.0723793462057674,0.7005614145021722,0.5020720578721128,3.179,6.0401,0.8232615790500536,84.77118541984805,83.85716536727445,74.69114370616091,56.62331789720452,37.2511101193404,29.598597922239563,46.3427982909582,39.05690595166609,29.52196129125955,36.19475394237331,62.70085568320194,83.47697118620056,6.571607983685612,6.769543871036895,6.988548359106101,7.256937010632328,6.908070417467922,6.6074136989096175,6.796583909650474,6.607967196208549,6.390920070507088,6.352522152489365,6.408154864324814,6.443240643059863,17.24906649514476,17.359071899306233,17.53070492467573,18.87951930137635,20.32198386498729,21.2014809741974,21.50093472100536,20.804902730437256,19.468058115997323,18.4215608024105,17.331827957611093,17.253597926463907,2.59793962271185,2.304284048234326,0.9621908361850864,0.3794983268396139,0.0242993740011841,0.003645177322793,0.1275739639984946,0.0350534117098839,0.0034777856738669,0.0191317062708879,0.600978600905248,2.24254539492376,6.731620928321576,6.855480318800101,7.000392317241054,7.40138509559537,7.468833752634436,7.427721690761158,7.592819497041852,7.366576807005454,7.020315647685052,6.822950027287312,6.660128479866088,6.664471621496193,3.625072359023485,2.70610886679808,0.510513534219225,0.2072184558430858,0.0133350062497556,0.0019931738927776,0.0705408540881835,0.0190855536739947,0.0018476905532952,0.0100198834617397,0.3109599781667718,2.4024435926302488,1205.7597591070692,285.1461877564805,838.7220548504497,367.03770425661946,3.044036770048048,1.7319,0.89,0.1199151643452916,0.1424876281336883,0.0081169294597912,0.3240519380491494,0.1449079855562203,0.0862087205634663,0.1743116338923925,38.066,139.702,91.358
Tzununá,774.9164410685833,0.7383752686053559,0.0987705139061271,0.4251167786276106,0.0829590407973614,0.2060336431181837,0.0491688954417479,0.2618897963293387,0.5295776951984323,0.3305733383720869,0.0710216340142209,-0.0019130619879641,0.7440954967016846,0.7618221834328285,0.7086659182820847,0.7207399041049859,0.7658364880938598,0.7516180799616655,0.6905686608248597,0.7850076286468757,0.729532497796191,0.7543517339291923,0.6867240824859278,0.4540491048692615,0.4094040544428567,0.4181043456806304,0.4641689267485721,0.4400758583055388,0.3920748381368297,0.4770676147451255,0.4151843240804259,0.445055058372259,0.380088744238429,0.2246167403995944,0.1968464502316677,0.2017472679678713,0.2316188827934381,0.2155474175641989,0.1862463719280097,0.2392499015665167,0.1997849390122605,0.2188585617711509,0.1785765527099414,,,,,,,,,,,,,,,,,,,,,,,,,114.11382849767526,44.739676094484985,53.63349939390746,21.027647764407124,196.8349427756403,128.72039854537763,76.32953056269498,22.992587890040408,1.7920992335442654,0.1799868103027344,2.9168521150476794,0.0899936340332031,0.7199492736816406,0.2699802734375,1.259892639160156,0.2699785095214843,1.889846350097656,0.1355183842198989,0.4499662292480468,0.0899923217773437,0.539959716796875,0.0,0.0899916687011718,0.5399501586914063,0.2699811462402344,0.179987744140625,0.3433802277449065,0.179983251953125,0.3599666687011719,1.5898649570360377,0.0970498756558287,0.0,1.2343457620290548,0.6513523653487512,4.0942,7.779,0.6174999794681235,84.58683788314104,83.06347112885169,72.56631813938176,54.22279881400506,35.727816362518226,29.14346776070717,46.0710675939801,38.45704697718145,29.165114517030545,35.60307299851281,62.134581969805865,82.5926660022091,6.572999071705937,6.766860913166603,6.971360435088947,7.212825366447725,6.8687135832056585,6.592159060321713,6.7876522416669145,6.594848222068964,6.382341170331779,6.346752893955006,6.406008079056611,6.4431053202093285,17.23451749690887,17.341270372694044,17.505478992216055,18.8462150630951,20.290542194120352,21.17688966560365,21.479390158253334,20.780968903572337,19.445570166778573,18.40069460407381,17.314383016204843,17.237757096670215,2.515140111936938,2.0415919052263383,0.8344740683990106,0.3040323047075774,0.0162359503051873,0.0031650343425671,0.1219652191215874,0.0306993795927024,0.0031163896287014,0.0165019113596901,0.5802414710127418,1.961978812668944,6.729581872090177,6.850634417660176,6.986742003142002,7.372060935286764,7.440537579721067,7.414311280872086,7.583887643334534,7.354674619331046,7.011484410180148,6.816044348744651,6.655749385852179,6.661445563607371,3.247496038029555,1.710310204395056,0.442228734012424,0.1655742551998449,0.0088840110034243,0.0017287136560588,0.0673958874743925,0.016698518200073,0.001654472582146,0.0086373011708481,0.3001270805382648,1.4392645373553945,1600.4787847372816,370.46119545266055,1113.287157695072,487.1916270422101,3.044036770048048,1.6251,0.8351,0.0198639867478955,0.1520426670957266,0.1613294705740384,0.1076619214088771,0.0417538194876145,0.4180158593755715,0.0993322753102762,53.633,196.833,128.719
Xajaxak,861.6881907136137,0.6333081946356017,0.1748174011786799,0.3236074436036597,0.092404336516052,0.1462318463843509,0.0515095051771273,0.1697147074331536,0.3984660055483991,0.2605388537214435,0.1192970948888228,-0.0034133338917437,0.6542664627572582,0.6687774682626477,0.6276219807841144,0.619263194128677,0.6896941609145838,0.6225923659509656,0.5947793451459363,0.7013324138066428,0.6379159945301419,0.6475019312235678,0.5795857476968292,0.3579599348443693,0.3331037821332145,0.320530007624297,0.3667664270565371,0.3302542417775407,0.3032174413783827,0.3733061731411002,0.3263449595648527,0.3364257146900782,0.2902780613163471,0.1662944034945339,0.1518257160618055,0.1443660917459635,0.1711030545315755,0.1499373322136052,0.135272156723679,0.1750039645504212,0.1474891531288254,0.1537998997793964,0.1283625463338721,,,,,,,,,,,,,,,,,,,,,,,,,66.87850691612473,54.11042324663512,31.432898250578575,25.431898925918432,115.35873657962404,75.43895580138862,46.17836867609649,22.21359566008625,4.85347540529266,0.0,0.0,0.0,0.4499240844726562,0.0,0.449924560546875,0.2699563354492187,0.0899851745605468,0.0,0.5427270957797181,0.0,0.0,0.0,0.0,0.0,0.0,0.0,0.0,0.0,0.0,0.0,0.0,0.0,0.916519148872615,0.5541436124741389,4.1277,7.8426,0.6174999794681235,84.58683788314104,83.06347112885169,72.56631813938176,54.22279881400506,35.727816362518226,29.14346776070717,46.0710675939801,38.45704697718145,29.165114517030545,35.60307299851281,62.134581969805865,82.5926660022091,6.572999071705937,6.766860913166603,6.971360435088947,7.212825366447725,6.8687135832056585,6.592159060321713,6.7876522416669145,6.594848222068964,6.382341170331779,6.346752893955006,6.406008079056611,6.4431053202093285,17.23451749690887,17.341270372694044,17.505478992216055,18.8462150630951,20.290542194120352,21.17688966560365,21.479390158253334,20.780968903572337,19.445570166778573,18.40069460407381,17.314383016204843,17.237757096670215,2.515140111936938,2.0415919052263383,0.8344740683990106,0.3040323047075774,0.0162359503051873,0.0031650343425671,0.1219652191215874,0.0306993795927024,0.0031163896287014,0.0165019113596901,0.5802414710127418,1.961978812668944,6.729581872090177,6.850634417660176,6.986742003142002,7.372060935286764,7.440537579721067,7.414311280872086,7.583887643334534,7.354674619331046,7.011484410180148,6.816044348744651,6.655749385852179,6.661445563607371,3.247496038029555,1.710310204395056,0.442228734012424,0.1655742551998449,0.0088840110034243,0.0017287136560588,0.0673958874743925,0.016698518200073,0.001654472582146,0.0086373011708481,0.3001270805382648,1.4392645373553945,1166.763269497177,326.7714350107932,811.5962400680883,355.16702942908853,3.044036770048048,1.8106,0.9305,0.183455388663713,0.1802103075613473,0.0267037908877136,0.2691810188033852,0.1179959990349018,0.1115933861999998,0.1108601088489395,31.433,115.359,75.439
Xibalbay,1868.245029054044,0.6371560393935808,0.1776828917149366,0.3338650083720331,0.1006278938005616,0.1527276472883156,0.0567219160550766,0.1760953980834001,0.4029288895407997,0.2637788578580005,0.1201895658423672,-0.0041102048113954,0.659411179649955,0.6925162990413309,0.6221621810437747,0.6278820404075628,0.6763507355886648,0.6185974778545275,0.6015011007529913,0.7024226871058457,0.628097978866433,0.6545998594384033,0.5850222198872183,0.3949971083238527,0.3395016400601616,0.3307451853753233,0.3663799599130714,0.3307934968887601,0.318657984422889,0.38151527357924,0.3290786886469555,0.3497811354539242,0.2992782536619059,0.1894264904091433,0.1562219053137763,0.1507921302802382,0.1716516076105178,0.1511135979877635,0.1445091806372647,0.180480811375222,0.1502886862778128,0.1619843691968092,0.1338186088938359,,,,,,,,,,,,,,,,,,,,,,,,,69.41570093289934,55.9830302951782,32.625379438462666,26.312024238733635,119.73514253915803,78.30091065231039,48.06335135226235,20.008924260355,7.204252939268621,0.4898122492292815,0.0,0.1005748538746553,1.69246424941119,1.2975960032264855,0.330307570848652,1.2241812823366651,0.4499290832519532,1.7097356933593748,2.069708996582031,0.2699612609863281,1.8896943359375,0.0899880737304687,0.0,0.0,0.0899865112304687,0.6299123413085939,0.4499383239746093,1.3498175720214844,0.8098924682617188,0.1799680969238281,0.3599507934570312,0.0,0.9705468399497814,0.5738577904035417,3.9805,7.563,0.6174999794681235,84.58683788314104,83.06347112885169,72.56631813938176,54.22279881400506,35.727816362518226,29.14346776070717,46.0710675939801,38.45704697718145,29.165114517030545,35.60307299851281,62.134581969805865,82.5926660022091,6.572999071705937,6.766860913166603,6.971360435088947,7.212825366447725,6.8687135832056585,6.592159060321713,6.7876522416669145,6.594848222068964,6.382341170331779,6.346752893955006,6.406008079056611,6.4431053202093285,17.23451749690887,17.341270372694044,17.505478992216055,18.8462150630951,20.290542194120352,21.17688966560365,21.479390158253334,20.780968903572337,19.445570166778573,18.40069460407381,17.314383016204843,17.237757096670215,2.515140111936938,2.0415919052263383,0.8344740683990106,0.3040323047075774,0.0162359503051873,0.0031650343425671,0.1219652191215874,0.0306993795927024,0.0031163896287014,0.0165019113596901,0.5802414710127418,1.961978812668944,6.729581872090177,6.850634417660176,6.986742003142002,7.372060935286764,7.440537579721067,7.414311280872086,7.583887643334534,7.354674619331046,7.011484410180148,6.816044348744651,6.655749385852179,6.661445563607371,3.247496038029555,1.710310204395056,0.442228734012424,0.1655742551998449,0.0088840110034243,0.0017287136560588,0.0673958874743925,0.016698518200073,0.001654472582146,0.0086373011708481,0.3001270805382648,1.4392645373553945,1141.7698125265204,313.04225485636766,794.2108833003608,347.5589292261593,3.044036770048048,1.8641,0.958,0.1750095831309595,0.1524834432691917,0.0550869837384409,0.2559624894832009,0.1172838733821001,0.1332995506639564,0.1108740763321499,32.625,119.734,78.3
